,lat,lng,views,dbscan
0,61.477005,-149.162751,472,0
1,61.477041,-149.162731,478,0
2,61.477005,-149.162751,438,0
3,61.477005,-149.162751,391,0
4,50.015399,-96.867474,574,1
5,50.01533,-96.867302,390,1
6,44.477939,-106.771842,561,2
7,60.847697,-148.9909,413,3
8,60.847872,-148.990684,555,3
9,65.320366,-147.461062,638,4
10,63.762734,-145.787318,2195,5
11,64.847751,-147.407984,2530,4
12,63.371852,-148.818839,1400,6
13,63.371852,-148.818839,897,6
14,63.371852,-148.818839,1933,6
15,63.371852,-148.818839,776,6
16,63.371852,-148.818839,655,6
17,63.371852,-148.818839,1137,6
18,63.371852,-148.818839,1373,6
19,63.371852,-148.818839,628,6
20,63.371852,-148.818839,671,6
21,63.371852,-148.818839,1374,6
22,61.507119,-149.004659,1351,0
23,61.507119,-149.004659,935,0
24,61.507133,-149.004564,982,0
25,61.509186,-148.995681,1038,0
26,61.507119,-149.004659,1004,0
27,61.506816,-149.034103,1068,0
28,61.509036,-148.994487,639,0
29,61.508647,-148.995439,1157,0
30,64.769599,-147.224178,2122,4
31,64.769599,-147.224178,2463,4
32,64.769599,-147.224178,2096,4
33,61.508833,-148.994462,671,0
34,63.676898,-145.884425,1922,5
35,63.718489,-145.862206,827,5
36,63.762734,-145.787318,2107,5
37,63.762734,-145.787318,1785,5
38,63.762734,-145.787318,2128,5
39,63.762734,-145.787318,831,5
40,63.762734,-145.787318,1242,5
41,64.911658,-147.828769,2246,4
42,64.911658,-147.828769,2003,4
43,64.911658,-147.828769,2557,4
44,64.911658,-147.828769,1635,4
45,64.847751,-147.407984,1498,4
46,61.509036,-148.994487,9162,0
47,61.505283,-149.018028,933,0
48,61.505244,-149.01795,1621,0
49,61.505286,-149.018075,841,0
50,47.460007,-88.159747,1164,7
51,47.460007,-88.159747,1567,7
52,62.465677,-114.34775,2208,8
53,62.465677,-114.34775,1993,8
54,62.465677,-114.34775,1606,8
55,44.90472,-107.013959,990,9
56,44.90472,-107.013959,929,9
57,46.997438,-111.096839,858,-1
58,46.997438,-111.096839,1271,-1
59,47.225795,-109.193254,2314,10
60,47.225795,-109.193254,1444,10
61,47.225795,-109.193254,605,10
62,47.225795,-109.193254,1241,10
63,44.449513,-68.015031,1564,11
64,44.449522,-68.014987,262,11
65,63.851058,-149.004303,3596,12
66,47.225795,-109.193254,1946,10
67,63.514316,-150.904017,831,13
68,63.514266,-150.90395,1131,13
69,63.514266,-150.90395,984,13
70,47.003262,-90.93747,42,14
71,47.00326,-90.937488,34,14
72,47.003242,-90.937512,33,14
73,47.003215,-90.937583,31,14
74,47.003183,-90.937616,30,14
75,47.225795,-109.193254,708,10
76,47.003188,-90.937488,33,14
77,47.00319,-90.937498,33,14
78,47.003202,-90.93757,34,14
79,47.003212,-90.937603,35,14
80,47.003252,-90.937585,35,14
81,33.898311,-86.346009,378,-1
82,44.845602,-88.736645,1335,-1
83,44.845683,-88.736578,6772,-1
84,44.481672,-106.767325,784,2
85,44.481672,-106.767325,896,2
86,44.481672,-106.767325,567,2
87,44.481672,-106.767325,649,2
88,58.76588,-94.164956,1321,-1
89,44.426669,-76.848313,1616,15
90,44.426669,-76.848313,1755,15
91,45.424118,-75.69903,249,16
92,45.424118,-75.69903,263,16
93,44.627679,-107.084126,873,9
94,44.617287,-107.075908,1786,9
95,44.62898,-107.137212,512,9
96,44.62898,-107.137212,1585,9
97,44.62898,-107.137212,2356,9
98,38.892753,-77.022786,148,17
99,38.892753,-77.022786,145,17
100,38.892753,-77.022786,115,17
101,38.892753,-77.022786,93,17
102,38.892753,-77.022786,293,17
103,38.892753,-77.022786,44,17
104,38.892753,-77.022786,285,17
105,38.892753,-77.022786,98,17
106,38.892753,-77.022786,66,17
107,38.892753,-77.022786,56,17
108,38.892753,-77.022786,57,17
109,38.892753,-77.022786,57,17
110,38.892753,-77.022786,57,17
111,38.892753,-77.022786,43,17
112,38.892753,-77.022786,41,17
113,44.825393,-107.060973,1514,9
114,44.822724,-107.053474,1033,9
115,44.481774,-106.766992,573,2
116,44.481774,-106.766992,1378,2
117,44.481774,-106.766992,770,2
118,62.461777,-114.3481,2407,8
119,62.461777,-114.3481,2326,8
120,62.461777,-114.3481,2237,8
121,62.461777,-114.3481,1961,8
122,62.310011,-150.105523,1614,18
123,62.310319,-150.105767,572,18
124,61.711322,-148.849795,556,0
125,61.711202,-148.851245,573,0
126,61.711605,-148.850975,510,0
127,61.711202,-148.851245,1327,0
128,61.711208,-148.913295,598,0
129,61.499547,-149.047678,752,0
130,61.499438,-149.047867,1004,0
131,61.476502,-149.163112,413,0
132,61.476502,-149.163112,1114,0
133,61.476511,-149.16312,1221,0
134,61.476502,-149.163112,407,0
135,67.771609,-115.249328,1472,19
136,45.521292,-107.726773,1016,20
137,45.521292,-107.726773,1478,20
138,45.521292,-107.726773,1875,20
139,61.610102,-149.080506,976,0
140,61.610102,-149.080506,1784,0
141,61.610102,-149.080506,1660,0
142,61.608477,-149.073681,1264,0
143,61.608477,-149.073681,740,0
144,61.608477,-149.073681,1510,0
145,61.608477,-149.073681,818,0
146,61.608497,-149.073612,1477,0
147,61.608477,-149.073681,1044,0
148,60.845144,-148.988287,781,3
149,44.427312,-76.846662,1622,15
150,44.988902,-107.344279,729,9
151,44.992544,-107.365694,897,9
152,44.988902,-107.344279,1636,9
153,44.988902,-107.344279,1472,9
154,63.723738,-68.4484,2128,21
155,49.195502,-123.179992,43,22
156,47.379086,-76.977789,1330,-1
157,60.138844,-146.516503,181,-1
158,62.465677,-114.34775,2446,8
159,62.465677,-114.34775,3368,8
160,44.838261,-88.429637,541,-1
161,44.838352,-88.42947,2280,-1
162,62.465677,-114.34775,3629,8
163,62.465677,-114.34775,3374,8
164,62.465677,-114.34775,3183,8
165,46.332908,-109.43946,1162,23
166,46.332908,-109.43946,816,23
167,46.332516,-109.438558,875,23
168,60.849133,-148.995114,568,3
169,45.310157,-88.194551,6581,-1
170,46.332516,-109.438558,1063,23
171,44.191315,-107.004625,991,-1
172,67.315775,-150.158128,189,24
173,67.316023,-150.159609,154,24
174,64.913372,-147.935353,68,4
175,64.913622,-147.934798,98,4
176,64.914163,-147.934764,149,4
177,64.913877,-147.935114,79,4
178,64.913602,-147.935312,79,4
179,64.914088,-147.935103,156,4
180,44.998386,-106.962118,1538,9
181,44.998386,-106.962118,1215,9
182,44.998386,-106.962118,2378,9
183,64.913744,-147.935187,83,4
184,64.866713,-147.742442,183,4
185,64.866144,-147.740184,148,4
186,64.866086,-147.738095,106,4
187,64.86508,-147.735037,92,4
188,64.862863,-147.738014,93,4
189,64.852722,-147.712589,90,4
190,64.892911,-147.944437,86,4
191,46.96077,-94.610577,232,25
192,46.96077,-94.610577,605,25
193,46.96077,-94.610577,178,25
194,46.96077,-94.610577,171,25
195,46.96077,-94.610577,221,25
196,46.96077,-94.610577,169,25
197,46.962359,-94.608861,337,25
198,46.962359,-94.60885,786,25
199,46.962359,-94.60885,319,25
200,46.962359,-94.608861,175,25
201,53.545037,-113.494648,448,26
202,51.132609,-114.693993,225,-1
203,43.12793,-70.940012,680,-1
204,52.632698,-94.062795,1486,-1
205,52.632997,-94.065349,2426,-1
206,32.776108,-117.154053,2632,-1
207,47.920336,-91.974584,2205,27
208,48.067422,-90.544492,1858,-1
209,62.461844,-114.348525,7508,8
210,62.456585,-114.378823,1304,8
211,58.737336,-93.818284,778,28
212,64.660563,-148.971989,5947,-1
213,65.046705,-147.449807,235,4
214,44.350512,-106.528362,4369,2
215,44.350512,-106.528362,1450,2
216,50.761652,-111.523331,188,29
217,50.761652,-111.523331,69,29
218,61.338086,-149.511975,149,30
219,61.338086,-149.511975,147,30
220,61.338086,-149.511975,165,30
221,61.338086,-149.511975,125,30
222,44.317649,-78.369362,1935,-1
223,41.472247,-72.845873,242,-1
224,44.791079,-107.394747,950,9
225,44.821811,-107.321738,2905,9
226,44.821811,-107.321738,2772,9
227,44.821811,-107.321738,1183,9
228,60.680408,-135.033206,1799,31
229,44.827158,-107.330964,1447,9
230,44.900199,-107.031877,1017,9
231,44.901628,-107.031952,932,9
232,51.080727,-96.861956,1265,32
233,45.7275,-68.820834,1475,33
234,46.771849,-84.955794,12158,34
235,46.771717,-84.955451,1612,34
236,46.771717,-84.955451,1799,34
237,51.187722,-96.65382,903,32
238,51.187722,-96.65382,1074,32
239,51.18773,-96.654112,1283,32
240,51.18773,-96.654112,5037,32
241,51.18773,-96.654112,1061,32
242,51.187661,-96.653837,1259,32
243,51.187661,-96.653837,1121,32
244,51.187563,-96.653884,973,32
245,51.187677,-96.653806,1162,32
246,51.187619,-96.653623,1240,32
247,51.187627,-96.653662,1556,32
248,51.187619,-96.653692,813,32
249,51.187974,-96.653684,837,32
250,51.187738,-96.653703,778,32
251,51.187816,-96.653634,959,32
252,51.111936,-96.889473,1613,32
253,51.111927,-96.889373,2461,32
254,51.204907,-96.614016,5015,32
255,60.767922,-135.10407,1191,31
256,51.71598,-116.506009,1885,-1
257,49.071033,-106.529499,1702,35
258,49.070295,-106.5304,2261,35
259,49.070295,-106.5304,2394,35
260,49.070295,-106.5304,3109,35
261,49.070295,-106.5304,2327,35
262,48.332438,-70.819458,509,36
263,49.073985,-106.534713,1540,35
264,49.073275,-106.534702,975,35
265,49.073359,-106.534466,1511,35
266,49.073359,-106.534466,2395,35
267,49.073359,-106.534466,2876,35
268,49.073359,-106.534466,3676,35
269,49.073359,-106.534466,2230,35
270,49.073359,-106.534466,1862,35
271,49.073001,-106.534391,2329,35
272,49.073001,-106.534391,2203,35
273,49.312827,-123.139743,5056,22
274,49.312841,-123.139743,6297,22
275,52.463095,-115.02722,163,-1
276,50.761652,-111.523331,40,29
277,50.233522,-119.44302,369,37
278,50.233522,-119.44302,236,37
279,50.233522,-119.44302,112,37
280,50.233522,-119.44302,172,37
281,51.486033,-78.752617,359,38
282,51.483039,-78.73912,384,38
283,49.950297,-97.276303,479,1
284,49.950297,-97.276303,610,1
285,49.950297,-97.276303,576,1
286,49.950297,-97.276303,14519,1
287,51.488651,-78.741223,295,38
288,51.488651,-78.741223,296,38
289,51.488651,-78.741223,412,38
290,51.488651,-78.741223,279,38
291,51.488651,-78.741223,412,38
292,49.950297,-97.276303,692,1
293,43.836848,-69.506099,41018,39
294,60.905833,-135.173612,22,31
295,60.90588,-135.173492,27,31
296,60.905847,-135.17362,34,31
297,60.660937,-135.028474,22970,31
298,60.660963,-135.028474,82466,31
299,62.086955,-163.353295,96,40
300,62.086955,-163.353295,169,40
301,43.639444,-79.5825,187,41
302,64.839451,-147.7069,5042,4
303,49.930905,-100.055247,293,42
304,51.489025,-78.741652,504,38
305,51.489025,-78.741652,459,38
306,47.398611,-121.380278,1607,-1
307,47.398611,-121.380278,975,-1
308,46.022681,-110.65303,1407,-1
309,45.423355,-75.699292,1365,16
310,45.423355,-75.699292,1400,16
311,45.972249,-81.243531,1162,-1
312,47.510452,-121.841498,159,43
313,47.510452,-121.841495,108,43
314,47.510541,-121.84122,113,43
315,47.51053,-121.841178,114,43
316,47.510533,-121.841178,81,43
317,52.938016,-118.845487,2708,-1
318,52.938111,-118.845464,2118,-1
319,44.36428,-98.221,4419,-1
320,43.234927,-77.534433,886,44
321,44.07051,-103.216903,174,45
322,44.967948,-106.838693,1947,9
323,53.035286,-119.22822,2578,-1
324,44.07051,-103.216903,182,45
325,44.967948,-106.838693,2547,9
326,44.07051,-103.216903,229,45
327,44.07051,-103.216903,205,45
328,44.967948,-106.838693,2011,9
329,44.07051,-103.216903,230,45
330,48.093722,-116.782492,16,46
331,48.093727,-116.782464,20,46
332,44.841903,-106.830496,1505,9
333,48.093722,-116.782492,108,46
334,48.093722,-116.782492,44,46
335,44.07051,-103.216903,306,45
336,44.841903,-106.830496,1684,9
337,47.275885,-88.528778,524,7
338,48.093722,-116.782492,161,46
339,48.093722,-116.782492,173,46
340,48.093722,-116.782492,111,46
341,48.093722,-116.782492,175,46
342,48.093722,-116.782492,131,46
343,48.093722,-116.782492,79,46
344,48.093722,-116.782492,24,46
345,47.275885,-88.528778,203,7
346,51.48477,-78.735097,472,38
347,51.48477,-78.735097,381,38
348,51.48477,-78.735097,401,38
349,51.48477,-78.735097,391,38
350,51.484843,-78.735623,344,38
351,51.48477,-78.735097,312,38
352,50.724489,-127.49098,1056,-1
353,51.488979,-78.741374,302,38
354,51.488979,-78.741374,334,38
355,51.488979,-78.741374,327,38
356,51.488979,-78.741374,322,38
357,47.275885,-88.528778,243,7
358,51.488979,-78.741374,330,38
359,51.488785,-78.741395,333,38
360,51.488785,-78.741395,291,38
361,51.488785,-78.741395,342,38
362,51.488785,-78.741395,330,38
363,51.488785,-78.741395,314,38
364,51.488785,-78.741395,307,38
365,51.488979,-78.741374,333,38
366,44.841903,-106.830496,2613,9
367,51.488979,-78.741374,317,38
368,47.275885,-88.528778,118,7
369,38.744108,-109.499828,3003,-1
370,45.293637,-76.174607,3011,16
371,47.275885,-88.528778,162,7
372,47.275885,-88.528778,227,7
373,47.275885,-88.528778,182,7
374,47.275885,-88.528778,379,7
375,44.625999,-80.877152,2303,47
376,47.275885,-88.528778,369,7
377,45.293637,-76.174607,2399,16
378,47.275885,-88.528778,185,7
379,48.093722,-116.782492,28,46
380,48.093722,-116.782492,17,46
381,48.093727,-116.782464,45,46
382,45.293637,-76.174607,2775,16
383,47.275885,-88.528778,587,7
384,47.275885,-88.528778,190,7
385,48.093722,-116.782492,15,46
386,49.816347,-103.742759,1001,48
387,48.755721,-123.644492,2224,49
388,49.816347,-103.742759,618,48
389,49.816347,-103.742759,633,48
390,48.093722,-116.782492,84,46
391,48.093722,-116.782492,12,46
392,48.093722,-116.782492,95,46
393,48.093722,-116.782492,45,46
394,49.915896,-100.78204,187,-1
395,49.91593,-100.781718,7659,-1
396,44.515014,-106.785553,2880,2
397,44.515014,-106.785553,1828,2
398,44.515014,-106.785553,2701,2
399,44.515014,-106.785553,1742,2
400,44.515014,-106.785553,1272,2
401,52.887472,-118.077614,6646,50
402,45.239345,-81.498062,7512,51
403,45.245184,-81.522921,71357,51
404,45.24501,-81.529712,67276,51
405,51.242966,-115.494898,2347,52
406,44.791079,-107.394747,1089,9
407,51.486674,-78.752939,453,38
408,51.486674,-78.752939,207,38
409,51.486674,-78.752939,250,38
410,51.486674,-78.752939,227,38
411,51.484857,-78.713135,221,38
412,51.484857,-78.713135,299,38
413,51.478269,-78.679618,240,38
414,51.478269,-78.679618,236,38
415,51.478269,-78.679618,396,38
416,64.926083,-147.985303,709,4
417,47.416855,-88.295759,1412,7
418,47.416797,-88.295717,2198,7
419,47.416816,-88.29577,1959,7
420,47.416791,-88.295648,1136,7
421,44.728433,-78.296031,2086,53
422,44.728433,-78.296031,5240,53
423,47.468719,-88.057325,836,7
424,47.468819,-88.057273,1262,7
425,47.468772,-88.057325,1227,7
426,47.468633,-88.057453,1254,7
427,45.178769,-106.896328,1639,9
428,45.178769,-106.896328,3444,9
429,47.920522,-91.974409,740,27
430,47.920386,-91.9746,1173,27
431,47.920336,-91.974464,1494,27
432,47.893138,-91.9282,1651,27
433,62.55583,-114.167375,1734,8
434,65.052975,-146.055773,2395,54
435,65.053038,-146.055303,1404,54
436,65.053072,-146.054514,2259,54
437,64.873052,-147.038009,2817,4
438,64.873052,-147.038009,3245,4
439,65.045772,-147.409664,2146,4
440,65.045997,-147.409245,1378,4
441,65.04578,-147.410387,1465,4
442,65.045952,-147.410345,2236,4
443,65.045911,-147.408642,1705,4
444,61.103533,-149.683278,234,30
445,62.305148,-150.100944,2198,18
446,62.325011,-150.105203,4737,18
447,62.324958,-150.105148,1328,18
448,62.32498,-150.106381,2892,18
449,62.325177,-150.105431,1820,18
450,44.805171,-107.319184,1411,9
451,51.445652,-114.553587,251,55
452,51.445652,-114.553587,67,55
453,51.445652,-114.553587,84,55
454,51.445652,-114.553587,182,55
455,51.445652,-114.553587,90,55
456,51.445652,-114.553587,206,55
457,51.445652,-114.553587,66,55
458,51.445652,-114.553587,232,55
459,55.780893,-97.858357,120,56
460,55.780893,-97.858357,106,56
461,55.780893,-97.858357,397,56
462,55.780893,-97.858357,84,56
463,55.780893,-97.858357,76,56
464,55.780893,-97.858357,141,56
465,55.780893,-97.858357,68,56
466,55.780893,-97.858357,117,56
467,55.780893,-97.858357,117,56
468,55.780893,-97.858357,194,56
469,44.979133,-93.245429,1863,-1
470,37.860492,-122.291586,1590,-1
471,63.723381,-68.444,2354,21
472,63.723381,-68.444,1610,21
473,55.623326,-97.960538,249,56
474,55.623326,-97.960538,548,56
475,55.623326,-97.960538,312,56
476,55.623326,-97.960538,294,56
477,55.623326,-97.960538,338,56
478,55.623326,-97.960538,147,56
479,55.623326,-97.960538,215,56
480,55.623326,-97.960538,155,56
481,61.338044,-149.512028,108,30
482,61.338127,-149.512167,143,30
483,61.338227,-149.512187,95,30
484,61.338188,-149.512103,94,30
485,61.338127,-149.511978,133,30
486,61.338127,-149.511978,103,30
487,61.338127,-149.511989,101,30
488,61.338113,-149.511989,113,30
489,55.780893,-97.858357,201,56
490,55.780893,-97.858357,207,56
491,50.658201,-99.97182,2327,-1
492,55.780893,-97.858357,159,56
493,55.780893,-97.858357,154,56
494,55.780893,-97.858357,144,56
495,51.237658,-115.488923,2368,52
496,62.086955,-163.353295,131,40
497,62.599786,-115.194398,125,57
498,62.599786,-115.194398,100,57
499,62.599786,-115.194398,103,57
500,62.599786,-115.194398,96,57
501,62.599786,-115.194398,93,57
502,62.599786,-115.194398,105,57
503,62.599786,-115.194398,131,57
504,62.599786,-115.194398,90,57
505,62.599786,-115.194398,102,57
506,62.599786,-115.194398,104,57
507,62.599786,-115.194398,88,57
508,62.599786,-115.194398,89,57
509,62.599786,-115.194398,91,57
510,62.599786,-115.194398,105,57
511,62.599786,-115.194398,85,57
512,62.599786,-115.194398,88,57
513,62.599786,-115.194398,62,57
514,62.599786,-115.194398,77,57
515,62.599786,-115.194398,72,57
516,62.599786,-115.194398,76,57
517,62.599786,-115.194398,108,57
518,62.670341,-115.357645,66,57
519,62.670341,-115.357645,70,57
520,62.670341,-115.357645,57,57
521,62.670341,-115.357645,62,57
522,62.670341,-115.357645,74,57
523,62.670341,-115.357645,59,57
524,62.670341,-115.357645,59,57
525,62.670341,-115.357645,65,57
526,62.670341,-115.357645,64,57
527,62.670341,-115.357645,55,57
528,62.670341,-115.357645,66,57
529,62.670341,-115.357645,60,57
530,62.670341,-115.357645,57,57
531,62.670341,-115.357645,59,57
532,62.670341,-115.357645,62,57
533,62.670341,-115.357645,50,57
534,62.670341,-115.357645,43,57
535,62.670341,-115.357645,48,57
536,62.484844,-113.470392,69,8
537,62.484844,-113.470392,52,8
538,62.484844,-113.470392,44,8
539,62.484844,-113.470392,57,8
540,62.561013,-115.099748,85,57
541,62.528394,-114.956031,70,57
542,62.528394,-114.956031,88,57
543,51.270388,-114.2773,11661,58
544,50.158095,-95.905301,1658,59
545,50.157944,-95.904904,1427,59
546,52.906905,-118.041623,1742,50
547,44.427344,-76.846704,2047,15
548,44.427344,-76.846704,4491,15
549,51.488785,-78.741395,826,38
550,51.488785,-78.741395,583,38
551,51.488785,-78.741395,508,38
552,51.488785,-78.741395,452,38
553,51.488785,-78.741395,446,38
554,51.488785,-78.741395,436,38
555,51.488785,-78.741395,434,38
556,51.4775,-78.680167,441,38
557,51.4775,-78.680167,438,38
558,51.4775,-78.680167,419,38
559,51.4775,-78.680167,405,38
560,51.4775,-78.680167,397,38
561,66.555952,-150.810731,3761,-1
562,60.767968,-135.104176,602,31
563,47.128885,-109.206107,296,10
564,47.128885,-109.206107,295,10
565,47.623679,-103.379738,992,-1
566,60.695724,-135.063064,448,31
567,60.695892,-135.062828,420,31
568,60.721613,-135.173614,332,31
569,50.286347,-96.969081,315,1
570,50.284788,-96.970109,572,1
571,46.989679,-103.488121,868,-1
572,45.4631,-69.619898,325,-1
573,44.904401,-107.014957,422,9
574,46.818906,-84.399044,2695,-1
575,44.942499,-79.513612,362,60
576,47.051497,-71.429639,297,61
577,49.559794,-123.236861,237,22
578,44.904743,-107.01412,826,9
579,44.942538,-79.513678,400,60
580,49.559794,-123.236861,281,22
581,47.552997,-84.949679,851,62
582,47.551316,-84.950709,794,62
583,45.303131,-107.553663,875,20
584,45.303229,-107.554038,929,20
585,45.303274,-107.55392,1339,20
586,45.303312,-107.553749,1800,20
587,51.488905,-78.741502,371,38
588,51.488785,-78.741395,445,38
589,51.488785,-78.741395,415,38
590,51.488785,-78.741395,396,38
591,51.489012,-78.741502,452,38
592,51.489012,-78.741502,389,38
593,51.489012,-78.741502,395,38
594,51.489012,-78.741502,356,38
595,51.489012,-78.741502,484,38
596,45.257563,-81.672759,2253,51
597,51.380593,-78.491853,336,38
598,51.380593,-78.491853,340,38
599,51.380593,-78.491477,438,38
600,51.380593,-78.491477,344,38
601,51.380593,-78.491477,357,38
602,51.380593,-78.491477,546,38
603,40.040601,-82.961518,326,63
604,40.040486,-82.965123,406,63
605,50.145652,-95.806134,1219,59
606,50.145611,-95.805974,1311,59
607,47.468691,-88.056364,1713,7
608,47.468836,-88.056659,451,7
609,47.749517,-90.33725,319,-1
610,40.040766,-82.96463,182,63
611,40.040766,-82.96463,181,63
612,40.040766,-82.96463,189,63
613,40.040766,-82.96463,222,63
614,40.040766,-82.96463,167,63
615,40.040741,-82.964415,184,63
616,40.040766,-82.964726,175,63
617,40.040766,-82.964726,133,63
618,40.040766,-82.964726,177,63
619,40.041045,-82.965842,205,63
620,40.040486,-82.965177,231,63
621,40.040486,-82.965166,262,63
622,51.231061,-115.495877,36,52
623,45.425452,-75.700251,1276,16
624,60.964203,-117.328126,2156,-1
625,63.27733,-147.906381,1223,64
626,63.284247,-147.908578,492,64
627,63.27733,-147.906381,432,64
628,57.947152,-134.835387,23,-1
629,61.104573,-149.683173,3351,30
630,58.101072,-134.896164,67,-1
631,44.805742,-107.319345,1021,9
632,44.805742,-107.319345,899,9
633,44.805742,-107.319345,942,9
634,58.448024,-135.03142,43,65
635,47.01558,-71.836812,991,-1
636,47.074386,-88.274328,226,66
637,47.275885,-88.528778,4543,7
638,45.746743,-84.90524,435,67
639,47.075191,-88.273862,186,66
640,47.075191,-88.273862,387,66
641,47.075191,-88.273862,475,66
642,47.075191,-88.273862,327,66
643,47.075191,-88.273862,367,66
644,43.591084,-106.949007,1051,-1
645,63.852292,-149.042608,1405,12
646,43.591084,-106.949007,809,-1
647,44.61597,-88.948586,934,-1
648,47.55097,-84.951331,6516,62
649,63.052711,-145.974687,107,68
650,63.052702,-145.974673,91,68
651,63.052713,-145.974687,96,68
652,64.06798,-139.396212,211,69
653,64.067977,-139.396203,202,69
654,64.06798,-139.396178,130,69
655,45.423817,-75.698375,703,16
656,51.489246,-78.74323,358,38
657,51.489246,-78.74323,580,38
658,51.489246,-78.74323,368,38
659,51.489246,-78.74323,321,38
660,51.489246,-78.74323,308,38
661,51.489246,-78.74323,284,38
662,51.48974,-78.745032,302,38
663,51.489246,-78.74323,308,38
664,44.481672,-106.767325,1537,2
665,44.803252,-107.364867,1446,9
666,44.803252,-107.364867,1012,9
667,44.805742,-107.319345,932,9
668,44.82502,-107.32266,1035,9
669,49.938808,-92.744428,1730,-1
670,51.184476,-115.560262,218,52
671,45.303259,-107.554081,1299,20
672,52.951508,-105.032483,1614,-1
673,51.419366,-116.203948,1355,70
674,51.419366,-116.203948,5314,70
675,51.419115,-116.20383,1332,70
676,48.634581,-123.533642,2372,49
677,45.328758,-75.895851,262,16
678,39.181202,-84.455087,247,71
679,39.181202,-84.455087,249,71
680,39.181202,-84.455087,239,71
681,39.181202,-84.455087,220,71
682,39.181202,-84.455087,218,71
683,39.181202,-84.455087,211,71
684,39.181202,-84.455087,111,71
685,39.181202,-84.455087,117,71
686,39.181202,-84.455087,112,71
687,39.181202,-84.455087,108,71
688,39.181202,-84.455087,111,71
689,39.181202,-84.455087,114,71
690,39.181202,-84.455087,94,71
691,39.181202,-84.455087,101,71
692,39.181202,-84.455087,97,71
693,39.181202,-84.455087,89,71
694,39.181202,-84.455087,86,71
695,39.181202,-84.455087,89,71
696,39.181202,-84.455087,113,71
697,39.181202,-84.455087,96,71
698,39.181202,-84.455087,93,71
699,39.181202,-84.455087,81,71
700,39.181202,-84.455087,103,71
701,39.181202,-84.455087,100,71
702,39.181202,-84.455087,101,71
703,39.181202,-84.455087,101,71
704,39.181202,-84.455087,97,71
705,39.181202,-84.455087,96,71
706,39.181202,-84.455087,93,71
707,39.181202,-84.455087,100,71
708,39.181202,-84.455087,95,71
709,39.181202,-84.455087,83,71
710,39.181202,-84.455087,87,71
711,39.181202,-84.455087,87,71
712,39.181202,-84.455087,87,71
713,39.181202,-84.455087,82,71
714,39.181202,-84.455087,87,71
715,39.181202,-84.455087,75,71
716,39.181202,-84.455087,86,71
717,39.181202,-84.455087,82,71
718,39.181202,-84.455087,74,71
719,39.181202,-84.455087,84,71
720,39.181202,-84.455087,86,71
721,39.181202,-84.455087,81,71
722,39.181202,-84.455087,81,71
723,39.181202,-84.455087,71,71
724,39.181202,-84.455087,82,71
725,39.181202,-84.455087,88,71
726,39.181202,-84.455087,72,71
727,39.181202,-84.455087,82,71
728,39.181202,-84.455087,86,71
729,39.181202,-84.455087,80,71
730,39.181202,-84.455087,72,71
731,39.181202,-84.455087,73,71
732,39.181202,-84.455087,84,71
733,39.181202,-84.455087,83,71
734,39.181202,-84.455087,80,71
735,39.181202,-84.455087,102,71
736,39.181202,-84.455087,73,71
737,39.181202,-84.455087,75,71
738,39.181202,-84.455087,72,71
739,39.181202,-84.455087,82,71
740,39.181202,-84.455087,72,71
741,39.181202,-84.455087,72,71
742,39.181202,-84.455087,65,71
743,39.181202,-84.455087,69,71
744,39.181202,-84.455087,58,71
745,39.181202,-84.455087,68,71
746,39.181202,-84.455087,110,71
747,39.181202,-84.455087,72,71
748,39.181202,-84.455087,73,71
749,39.181202,-84.455087,70,71
750,39.181202,-84.455087,70,71
751,39.181202,-84.455087,395,71
752,44.747068,-92.8574,359,-1
753,51.526508,-114.576512,161,55
754,51.526508,-114.576512,137,55
755,51.526508,-114.576512,135,55
756,51.526508,-114.576512,110,55
757,51.526508,-114.576512,111,55
758,51.526508,-114.576512,74,55
759,51.526508,-114.576512,76,55
760,51.526508,-114.576512,102,55
761,49.386158,-121.428848,5957,-1
762,47.037469,-122.904917,364,-1
763,49.277046,-123.219017,10742,22
764,46.629149,-112.041964,481,72
765,46.629105,-112.04205,495,72
766,46.964578,-119.964244,7156,-1
767,45.174859,-87.222776,5405,-1
768,46.856702,-88.364575,229,66
769,46.856672,-88.364598,420,66
770,48.33413,-68.852906,700,73
771,48.33413,-68.852906,512,73
772,49.682742,-99.271152,1121,-1
773,48.334277,-68.853187,5135,73
774,62.447356,-114.388639,36,8
775,62.447356,-114.388639,48,8
776,62.447356,-114.388639,54,8
777,62.447356,-114.388639,78,8
778,65.047229,-147.436652,17,4
779,65.047229,-147.436652,19,4
780,65.047229,-147.436652,17,4
781,65.047229,-147.436652,14,4
782,65.047229,-147.436652,15,4
783,65.047229,-147.436652,19,4
784,65.047229,-147.436652,17,4
785,65.047229,-147.436652,16,4
786,46.1102,-93.615017,2088,-1
787,58.736913,-93.820434,760,28
788,65.020375,-146.209134,534,54
789,65.026233,-146.191595,435,54
790,58.737219,-93.818178,1003,28
791,65.026091,-146.191723,483,54
792,65.026088,-146.191748,617,54
793,48.333055,-68.849395,724,73
794,65.022052,-146.178856,797,54
795,65.022002,-146.178795,441,54
796,48.333055,-68.849395,1160,73
797,65.021558,-146.178,647,54
798,65.020955,-146.176892,614,54
799,48.333055,-68.849395,547,73
800,65.019638,-146.174687,875,54
801,65.019733,-146.174598,522,54
802,50.314133,-96.683291,605,1
803,58.738544,-93.817837,757,28
804,62.549869,-113.353409,26,8
805,65.046988,-147.437302,212,4
806,48.333072,-68.849495,6680,73
807,48.333072,-68.849495,578,73
808,64.960633,-148.382501,431,4
809,64.960497,-148.382523,16156,4
810,64.955641,-148.370087,1134,4
811,58.737113,-93.817267,706,28
812,58.737113,-93.817267,694,28
813,58.737219,-93.817509,757,28
814,58.737669,-93.817225,594,28
815,65.061483,-146.151884,97,54
816,65.061483,-146.151884,66,54
817,65.0275,-146.029723,66,54
818,65.0275,-146.029723,79,54
819,65.0275,-146.029723,69,54
820,65.0275,-146.029723,87,54
821,65.019216,-147.481895,83,4
822,51.82436,-114.633836,1341,-1
823,51.539527,-113.919425,191,58
824,51.583316,-113.919528,177,58
825,51.583316,-113.919528,222,58
826,50.344453,-122.478868,2753,74
827,48.460201,-89.201152,970,75
828,55.780893,-97.858357,177,56
829,55.780893,-97.858357,123,56
830,55.780893,-97.858357,113,56
831,55.780893,-97.858357,90,56
832,55.780893,-97.858357,95,56
833,55.780893,-97.858357,165,56
834,55.780893,-97.858357,132,56
835,55.780893,-97.858357,121,56
836,55.780893,-97.858357,96,56
837,55.780893,-97.858357,101,56
838,41.085044,-89.656237,1651,76
839,41.085044,-89.656237,2955,76
840,41.085044,-89.656237,1541,76
841,43.683661,-79.621048,140,41
842,43.682188,-79.620803,126,41
843,61.731886,-148.74978,87,0
844,61.731886,-148.74978,85,0
845,49.718109,-123.148164,2743,22
846,51.489025,-78.741652,671,38
847,61.314182,-149.486587,183,30
848,60.850005,-148.995028,2012,3
849,43.368804,-86.192638,600,77
850,61.069788,-149.82442,317,30
851,44.460265,-110.827503,429,-1
852,55.780893,-97.858357,100,56
853,55.780893,-97.858357,118,56
854,46.548527,-86.447424,889,78
855,46.473719,-86.537592,1248,78
856,44.619745,-80.896453,3725,47
857,41.017639,-89.645283,1219,76
858,45.757957,-84.963916,786,67
859,53.777502,-114.655606,163,-1
860,47.237025,-71.251231,658,61
861,47.051497,-71.429639,456,61
862,45.293486,-76.174607,4053,16
863,47.051494,-71.429623,18346,61
864,47.051494,-71.429634,8457,61
865,45.005693,-74.894446,230,-1
866,50.169902,-97.128903,327,1
867,50.169902,-97.128903,362,1
868,50.169902,-97.128903,368,1
869,50.169902,-97.128903,355,1
870,50.169902,-97.128903,285,1
871,50.169902,-97.128903,294,1
872,50.169902,-97.128903,317,1
873,50.169902,-97.128903,304,1
874,48.572426,-123.366723,866,49
875,53.447567,-117.807404,309,-1
876,47.275885,-88.528778,288,7
877,51.488905,-78.741502,415,38
878,51.488905,-78.741502,428,38
879,51.488905,-78.741502,393,38
880,51.488905,-78.741502,381,38
881,51.488905,-78.741502,390,38
882,51.477734,-78.702235,364,38
883,51.488905,-78.741502,376,38
884,51.477734,-78.702235,367,38
885,51.477734,-78.702235,356,38
886,51.477734,-78.702235,352,38
887,51.477734,-78.702235,350,38
888,51.945719,-114.480221,2474,-1
889,51.416713,-113.993198,155,58
890,60.922179,-149.642672,90,30
891,62.519888,-113.738429,5297,8
892,51.202446,-113.399784,352,-1
893,47.275885,-88.528778,420,7
894,47.275885,-88.528778,269,7
895,49.557003,-123.237022,2696,22
896,64.85789,-147.854433,1419,4
897,64.857927,-147.854239,1407,4
898,48.880931,-121.433526,1319,-1
899,51.327544,-116.181114,78693,70
900,48.069894,-90.601598,5320,-1
901,52.384536,-106.195759,352,-1
902,47.905347,-89.758298,15743,-1
903,47.389095,-88.276531,2974,7
904,52.13597,-106.640242,219,-1
905,47.275885,-88.528778,308,7
906,44.609626,-80.943982,12302,47
907,51.380325,-78.491907,364,38
908,51.380325,-78.491907,357,38
909,51.380325,-78.491907,399,38
910,51.380325,-78.491907,347,38
911,51.380325,-78.491907,332,38
912,51.38062,-78.491714,365,38
913,51.38062,-78.491714,339,38
914,51.38062,-78.491714,342,38
915,51.38062,-78.491714,364,38
916,51.38062,-78.491714,338,38
917,51.38062,-78.491714,344,38
918,51.38062,-78.491714,638,38
919,51.38062,-78.491714,336,38
920,51.38062,-78.491714,356,38
921,51.38062,-78.491714,343,38
922,51.38066,-78.491735,805,38
923,51.38062,-78.491714,352,38
924,51.38062,-78.491714,354,38
925,51.38062,-78.491714,336,38
926,47.275885,-88.528778,249,7
927,47.275885,-88.528778,648,7
928,47.275885,-88.528778,527,7
929,47.275885,-88.528778,226,7
930,47.275885,-88.528778,216,7
931,47.275885,-88.528778,223,7
932,47.275885,-88.528778,496,7
933,47.275885,-88.528778,239,7
934,47.275885,-88.528778,237,7
935,47.275885,-88.528778,245,7
936,47.275885,-88.528778,274,7
937,47.275885,-88.528778,284,7
938,47.275885,-88.528778,290,7
939,47.275885,-88.528778,290,7
940,47.275885,-88.528778,316,7
941,47.275885,-88.528778,852,7
942,41.084656,-89.655625,793,76
943,64.952063,-148.097303,969,4
944,64.952063,-148.097303,298,4
945,64.952063,-148.097303,289,4
946,64.952063,-148.097303,239,4
947,64.952063,-148.097303,250,4
948,62.381347,-114.299964,1080,8
949,62.128247,-146.472709,31,79
950,62.128247,-146.472709,44,79
951,62.128247,-146.472709,122,79
952,62.128247,-146.472709,105,79
953,62.128247,-146.472709,73,79
954,62.128247,-146.472709,82,79
955,62.128247,-146.472709,73,79
956,40.660485,-89.389856,1170,80
957,40.660485,-89.389856,1097,80
958,47.051497,-71.429639,989,61
959,47.051497,-71.429639,725,61
960,45.423817,-75.698375,813,16
961,61.105269,-149.682884,259,30
962,61.103691,-149.683314,306,30
963,61.401808,-149.564738,4914,30
964,61.401711,-149.564502,76986,30
965,52.915951,-118.089129,4157,50
966,49.557003,-123.237022,2453,22
967,45.960861,-93.313837,7667,81
968,40.728234,-89.415171,969,80
969,47.474867,-87.897545,1305,7
970,47.464438,-87.969996,1626,7
971,47.464438,-87.969996,1531,7
972,48.064222,-88.644026,866,82
973,48.064222,-88.644026,1021,82
974,48.064222,-88.644026,1059,82
975,48.063338,-88.643962,1011,82
976,48.057961,-121.79762,169,83
977,48.057961,-121.79762,121,83
978,48.057961,-121.79762,202,83
979,55.623101,-97.959058,102,56
980,55.623101,-97.959058,70,56
981,55.623101,-97.959058,75,56
982,55.623101,-97.959058,68,56
983,55.623101,-97.959058,65,56
984,54.832427,-112.062795,81,-1
985,48.798751,-98.365273,249,-1
986,53.525041,-113.151969,50,26
987,53.525041,-113.151969,52,26
988,48.653906,-116.852806,3449,-1
989,48.653906,-116.852806,3547,-1
990,51.484696,-78.737125,609,38
991,51.484696,-78.737125,325,38
992,51.488666,-78.750666,718,38
993,51.488666,-78.750666,318,38
994,51.488666,-78.750666,523,38
995,51.488666,-78.750666,279,38
996,47.445791,-88.216751,594,7
997,49.816222,-103.743125,597,48
998,46.815972,-71.204173,420,61
999,46.815838,-71.204203,407,61
1000,51.484095,-78.724465,400,38
1001,51.484095,-78.724465,294,38
1002,51.484095,-78.724465,290,38
1003,51.484095,-78.724465,353,38
1004,51.484095,-78.724465,714,38
1005,51.488651,-78.741245,303,38
1006,51.488651,-78.741245,304,38
1007,51.488651,-78.741245,286,38
1008,51.488651,-78.741245,417,38
1009,43.028611,-89.848358,9434,84
1010,40.460833,-79.924501,531,-1
1011,51.490286,-78.747756,361,38
1012,51.49028,-78.747762,307,38
1013,51.490266,-78.7477,331,38
1014,51.490272,-78.747695,270,38
1015,48.65039,-123.394424,113,49
1016,48.65039,-123.394424,134,49
1017,44.942938,-79.513331,580,60
1018,44.942938,-79.513331,850,60
1019,45.07249,-93.713893,1262,-1
1020,48.055566,-121.795227,116,83
1021,48.057961,-121.79762,116,83
1022,48.057961,-121.79762,118,83
1023,48.057961,-121.79762,131,83
1024,48.057961,-121.79762,147,83
1025,48.057961,-121.79762,126,83
1026,48.057961,-121.79762,117,83
1027,48.057961,-121.79762,128,83
1028,48.057961,-121.79762,113,83
1029,48.057961,-121.79762,113,83
1030,48.057961,-121.79762,119,83
1031,48.057961,-121.79762,135,83
1032,48.057961,-121.79762,129,83
1033,48.057961,-121.79762,119,83
1034,48.057961,-121.79762,113,83
1035,48.057961,-121.79762,115,83
1036,48.057961,-121.79762,129,83
1037,48.057961,-121.79762,155,83
1038,48.057961,-121.79762,132,83
1039,48.057961,-121.79762,111,83
1040,48.057961,-121.79762,129,83
1041,48.057961,-121.79762,115,83
1042,44.609626,-80.943982,2494,47
1043,48.057961,-121.79762,112,83
1044,48.057961,-121.79762,114,83
1045,48.057961,-121.79762,127,83
1046,48.057961,-121.79762,115,83
1047,48.057961,-121.79762,111,83
1048,48.057961,-121.79762,109,83
1049,48.057961,-121.79762,123,83
1050,43.028611,-89.848358,2034,84
1051,48.057961,-121.79762,126,83
1052,48.057961,-121.79762,136,83
1053,48.057961,-121.79762,126,83
1054,48.057961,-121.79762,114,83
1055,48.057961,-121.79762,114,83
1056,48.057961,-121.79762,111,83
1057,48.057961,-121.79762,136,83
1058,48.057961,-121.79762,118,83
1059,49.557003,-123.237022,3220,22
1060,47.041005,-121.596539,848,-1
1061,48.057961,-121.79762,132,83
1062,43.038316,-89.199587,108,85
1063,43.038316,-89.199587,104,85
1064,43.038316,-89.199587,119,85
1065,43.038316,-89.199587,110,85
1066,43.038316,-89.199587,100,85
1067,43.038316,-89.199587,111,85
1068,43.038316,-89.199587,114,85
1069,45.960927,-93.31402,1733,81
1070,43.028611,-89.848358,1267,84
1071,43.028611,-89.848358,1786,84
1072,43.028611,-89.848358,2451,84
1073,45.960927,-93.31402,1779,81
1074,43.028611,-89.848358,1989,84
1075,49.816055,-103.743275,853,48
1076,45.960927,-93.31402,2003,81
1077,45.960927,-93.31402,1705,81
1078,46.125249,-111.393151,5389,-1
1079,44.988347,-94.343034,209,86
1080,44.988347,-94.343034,139,86
1081,44.988347,-94.343034,133,86
1082,44.988347,-94.343034,121,86
1083,44.988347,-94.343034,113,86
1084,43.028611,-89.848358,1576,84
1085,44.988347,-94.343034,109,86
1086,44.988347,-94.343034,107,86
1087,44.988347,-94.343034,108,86
1088,44.988347,-94.343034,103,86
1089,44.988347,-94.343034,106,86
1090,44.988347,-94.343034,100,86
1091,44.988347,-94.343034,101,86
1092,49.814172,-103.734498,905,48
1093,44.988347,-94.343034,107,86
1094,49.814172,-103.734498,519,48
1095,44.988347,-94.343034,105,86
1096,44.988347,-94.343034,126,86
1097,45.960927,-93.31402,1956,81
1098,44.988347,-94.343034,102,86
1099,44.988347,-94.343034,101,86
1100,44.988347,-94.343034,113,86
1101,44.988347,-94.343034,106,86
1102,49.814172,-103.734498,540,48
1103,45.210509,-92.922888,331,87
1104,49.814172,-103.734498,619,48
1105,43.028611,-89.848358,705,84
1106,49.813355,-103.745228,535,48
1107,49.813383,-103.745228,618,48
1108,49.816111,-103.743231,935,48
1109,49.815627,-103.744606,537,48
1110,43.028611,-89.848358,966,84
1111,49.815586,-103.743917,652,48
1112,49.81578,-103.744734,654,48
1113,44.27084,-71.303372,913,-1
1114,44.27084,-71.303372,831,-1
1115,45.396503,-92.982949,1281,87
1116,45.396503,-92.982949,1311,87
1117,45.396503,-92.982949,1475,87
1118,45.396503,-92.982949,2624,87
1119,45.396503,-92.982949,3375,87
1120,43.442045,-111.377484,1884,-1
1121,43.752988,-81.640923,883,-1
1122,43.753319,-81.640864,857,-1
1123,55.623101,-97.959058,144,56
1124,55.623101,-97.959058,133,56
1125,55.623101,-97.959058,145,56
1126,55.623101,-97.959058,137,56
1127,55.623101,-97.959058,134,56
1128,55.623101,-97.959058,122,56
1129,55.623101,-97.959058,101,56
1130,55.623101,-97.959058,141,56
1131,55.623101,-97.959058,180,56
1132,55.623101,-97.959058,125,56
1133,55.623101,-97.959058,336,56
1134,55.623101,-97.959058,303,56
1135,55.623101,-97.959058,90,56
1136,55.623101,-97.959058,127,56
1137,55.623101,-97.959058,107,56
1138,55.623101,-97.959058,1278,56
1139,55.623101,-97.959058,124,56
1140,55.623101,-97.959058,115,56
1141,55.623101,-97.959058,137,56
1142,55.623101,-97.959058,106,56
1143,55.623101,-97.959058,105,56
1144,55.623101,-97.959058,106,56
1145,55.623101,-97.959058,117,56
1146,55.623101,-97.959058,103,56
1147,52.447679,-116.191105,289,-1
1148,46.75421,-112.018339,884,72
1149,45.045555,-109.407713,680,-1
1150,45.045555,-109.407713,244,-1
1151,45.424999,-75.698955,549,16
1152,55.623101,-97.959058,884,56
1153,55.623101,-97.959058,705,56
1154,55.623101,-97.959058,528,56
1155,55.623101,-97.959058,231,56
1156,55.623101,-97.959058,223,56
1157,55.623101,-97.959058,157,56
1158,55.623101,-97.959058,353,56
1159,55.623101,-97.959058,172,56
1160,55.623101,-97.959058,153,56
1161,55.623101,-97.959058,164,56
1162,55.623101,-97.959058,165,56
1163,55.623101,-97.959058,168,56
1164,55.623101,-97.959058,557,56
1165,55.623101,-97.959058,150,56
1166,55.623101,-97.959058,138,56
1167,51.488166,-78.751333,332,38
1168,51.488166,-78.751333,328,38
1169,51.488166,-78.751333,300,38
1170,51.488166,-78.751333,286,38
1171,51.488166,-78.751333,275,38
1172,51.488166,-78.751333,272,38
1173,45.244119,-81.528435,1522,51
1174,45.244119,-81.528435,1741,51
1175,45.244119,-81.528435,1309,51
1176,41.084187,-89.657117,726,76
1177,41.084187,-89.657117,964,76
1178,41.084187,-89.657117,665,76
1179,50.162255,-97.081893,359,1
1180,41.085157,-89.656226,882,76
1181,41.085157,-89.656226,1077,76
1182,50.639636,-114.511957,158,88
1183,50.639636,-114.511957,148,88
1184,50.639636,-114.511957,146,88
1185,50.639636,-114.511957,143,88
1186,50.639636,-114.511957,129,88
1187,50.639636,-114.511957,114,88
1188,50.639636,-114.511957,111,88
1189,50.639636,-114.511957,108,88
1190,50.639636,-114.511957,117,88
1191,50.162255,-97.081893,430,1
1192,50.162255,-97.081893,354,1
1193,55.780893,-97.858357,270,56
1194,55.780893,-97.858357,177,56
1195,55.780893,-97.858357,208,56
1196,55.780893,-97.858357,211,56
1197,50.162255,-97.081893,120,1
1198,55.780893,-97.858357,397,56
1199,55.780893,-97.858357,170,56
1200,55.780893,-97.858357,2044,56
1201,55.780893,-97.858357,141,56
1202,55.780893,-97.858357,126,56
1203,55.780893,-97.858357,189,56
1204,40.877617,-89.690494,1113,76
1205,40.877617,-89.690494,963,76
1206,55.780893,-97.858357,163,56
1207,50.639636,-114.511957,107,88
1208,50.639636,-114.511957,109,88
1209,50.639636,-114.511957,210,88
1210,53.480847,-113.612323,1412,26
1211,51.484696,-78.737125,957,38
1212,51.484696,-78.737125,533,38
1213,51.484696,-78.737125,311,38
1214,51.484696,-78.737125,381,38
1215,51.484696,-78.737125,402,38
1216,51.484696,-78.737125,415,38
1217,51.484696,-78.737125,291,38
1218,51.484696,-78.737125,273,38
1219,51.484696,-78.737125,436,38
1220,51.488666,-78.750666,376,38
1221,51.488666,-78.750666,301,38
1222,51.488666,-78.750666,359,38
1223,51.488666,-78.750666,321,38
1224,51.482936,-78.738945,313,38
1225,51.482936,-78.738945,292,38
1226,51.482936,-78.738945,579,38
1227,50.945544,-112.835876,1625,89
1228,50.945544,-112.835876,1072,89
1229,50.945544,-112.835876,1331,89
1230,50.945544,-112.835876,1508,89
1231,49.724395,-118.911874,573,-1
1232,46.726783,-92.102398,9053,-1
1233,53.895161,-115.072831,67,-1
1234,60.938844,-149.23975,210,3
1235,67.93425,-149.816523,7617,-1
1236,50.162255,-97.081893,2571,1
1237,50.162255,-97.081893,1948,1
1238,50.039777,-95.513087,1164,-1
1239,50.162255,-97.081893,562,1
1240,50.162255,-97.081893,260,1
1241,50.162255,-97.081893,318,1
1242,50.214412,-95.926136,1503,59
1243,45.602959,-123.040223,130,-1
1244,65.017561,-146.218173,128,54
1245,65.017561,-146.218173,130,54
1246,65.017561,-146.218173,126,54
1247,65.017561,-146.218173,91,54
1248,65.017561,-146.218173,93,54
1249,65.017561,-146.218173,98,54
1250,65.017561,-146.218173,92,54
1251,65.017561,-146.218173,135,54
1252,65.017561,-146.218173,101,54
1253,65.017561,-146.218173,86,54
1254,65.017561,-146.218173,95,54
1255,65.017561,-146.218173,94,54
1256,65.017561,-146.218173,90,54
1257,65.017561,-146.218173,90,54
1258,65.017561,-146.218173,94,54
1259,65.017561,-146.218173,93,54
1260,65.017561,-146.218173,91,54
1261,65.017561,-146.218173,93,54
1262,65.017561,-146.218173,87,54
1263,65.017561,-146.218173,135,54
1264,65.017561,-146.218173,84,54
1265,65.017561,-146.218173,83,54
1266,65.017561,-146.218173,84,54
1267,65.017561,-146.218173,95,54
1268,65.017561,-146.218173,94,54
1269,65.017561,-146.218173,95,54
1270,65.017561,-146.218173,92,54
1271,65.017561,-146.218173,96,54
1272,65.017561,-146.218173,91,54
1273,65.017561,-146.218173,207,54
1274,65.017561,-146.218173,197,54
1275,65.017561,-146.218173,313,54
1276,65.017561,-146.218173,170,54
1277,65.017561,-146.218173,107,54
1278,65.017561,-146.218173,153,54
1279,65.017561,-146.218173,116,54
1280,65.017561,-146.218173,103,54
1281,65.017561,-146.218173,108,54
1282,65.017561,-146.218173,134,54
1283,65.017561,-146.218173,215,54
1284,65.017561,-146.218173,1119,54
1285,65.017561,-146.218173,140,54
1286,65.017561,-146.218173,111,54
1287,65.017561,-146.218173,107,54
1288,65.017561,-146.218173,446,54
1289,65.017561,-146.218173,115,54
1290,65.017561,-146.218173,121,54
1291,65.017561,-146.218173,133,54
1292,65.017561,-146.218173,129,54
1293,65.017561,-146.218173,134,54
1294,65.017561,-146.218173,133,54
1295,65.017561,-146.218173,138,54
1296,65.017561,-146.218173,737,54
1297,65.017561,-146.218173,204,54
1298,65.017561,-146.218173,210,54
1299,65.017561,-146.218173,207,54
1300,65.017561,-146.218173,456,54
1301,65.053861,-146.057492,138,54
1302,65.053861,-146.057492,140,54
1303,54.597442,-112.708643,344,-1
1304,43.367509,-86.185993,1450,77
1305,64.883086,-146.733012,1220,4
1306,65.024009,-146.200819,881,54
1307,61.10318,-149.684581,214,30
1308,61.10318,-149.684581,304,30
1309,51.236944,-115.488612,11621,52
1310,51.236897,-115.488542,14437,52
1311,67.811361,-115.198517,889,19
1312,61.465202,-148.793448,3409,0
1313,55.780893,-97.858357,51,56
1314,55.780893,-97.858357,48,56
1315,55.780893,-97.858357,44,56
1316,55.780893,-97.858357,43,56
1317,55.780893,-97.858357,42,56
1318,55.780893,-97.858357,43,56
1319,55.780893,-97.858357,45,56
1320,55.780893,-97.858357,47,56
1321,55.780893,-97.858357,43,56
1322,55.780893,-97.858357,43,56
1323,55.780893,-97.858357,43,56
1324,61.217375,-149.893975,1693,30
1325,61.217375,-149.893975,1481,30
1326,67.811919,-115.199064,1258,19
1327,67.81193,-115.199073,1092,19
1328,48.430919,-89.237571,1252,75
1329,55.780893,-97.858357,37,56
1330,55.780893,-97.858357,37,56
1331,55.780893,-97.858357,36,56
1332,55.780893,-97.858357,47,56
1333,55.780893,-97.858357,38,56
1334,55.780893,-97.858357,42,56
1335,55.780893,-97.858357,38,56
1336,55.780893,-97.858357,36,56
1337,55.780893,-97.858357,34,56
1338,55.780893,-97.858357,34,56
1339,65.053902,-146.059675,173,54
1340,62.863778,-149.731099,753,-1
1341,62.863778,-149.731099,985,-1
1342,64.95373,-148.362231,179,4
1343,64.95373,-148.362231,151,4
1344,64.95373,-148.362231,151,4
1345,64.95373,-148.362231,136,4
1346,64.95373,-148.362231,139,4
1347,64.95373,-148.362231,131,4
1348,64.95373,-148.362231,126,4
1349,54.293624,-110.452251,285,-1
1350,46.761627,-89.893119,2971,90
1351,46.761627,-89.893119,3023,90
1352,46.761627,-89.893119,1484,90
1353,46.427574,-94.483997,752,-1
1354,51.483066,-78.739114,654,38
1355,51.483066,-78.739114,490,38
1356,51.483066,-78.739114,517,38
1357,51.483066,-78.739114,534,38
1358,46.461133,-86.727747,12210,78
1359,46.461133,-86.727747,570,78
1360,46.461133,-86.727747,586,78
1361,46.461133,-86.727747,574,78
1362,46.461133,-86.727747,631,78
1363,46.461133,-86.727747,605,78
1364,46.461133,-86.727747,612,78
1365,46.461133,-86.727747,601,78
1366,46.461133,-86.727747,543,78
1367,46.461133,-86.727747,537,78
1368,46.461133,-86.727747,547,78
1369,46.461133,-86.727747,608,78
1370,46.461133,-86.727747,540,78
1371,46.461133,-86.727747,519,78
1372,46.461133,-86.727747,590,78
1373,46.461133,-86.727747,543,78
1374,46.461133,-86.727747,540,78
1375,46.461133,-86.727747,519,78
1376,46.461133,-86.727747,496,78
1377,46.461133,-86.727747,511,78
1378,46.461133,-86.727747,514,78
1379,46.461133,-86.727747,521,78
1380,46.461133,-86.727747,520,78
1381,46.461133,-86.727747,516,78
1382,46.461133,-86.727747,507,78
1383,50.019804,-99.888725,311,42
1384,46.461133,-86.727747,526,78
1385,46.461133,-86.727747,517,78
1386,46.461133,-86.727747,545,78
1387,62.595227,-150.240526,3572,18
1388,46.825601,-89.642933,2643,90
1389,62.686544,-131.07957,12194,91
1390,62.686419,-131.079681,6821,91
1391,60.801711,-137.485656,4783,-1
1392,62.686511,-131.079609,11927,91
1393,62.686527,-131.079503,10578,91
1394,61.166666,-135.166673,1850,31
1395,62.762958,-131.035339,5973,91
1396,50.17413,-97.013572,3032,1
1397,50.17413,-97.013572,994,1
1398,50.17413,-97.013572,2011,1
1399,56.9,-125,546,-1
1400,69.117619,-105.05365,1858,-1
1401,54.08883,-122.355392,257,-1
1402,43.675491,-83.123573,2764,-1
1403,51.488651,-78.741245,686,38
1404,51.488651,-78.741245,571,38
1405,51.488651,-78.741245,794,38
1406,51.488651,-78.741245,562,38
1407,51.488651,-78.741245,547,38
1408,51.488651,-78.741245,595,38
1409,51.488651,-78.741245,491,38
1410,51.488651,-78.741245,943,38
1411,51.488651,-78.741245,639,38
1412,51.488651,-78.741245,736,38
1413,68.451496,-149.372885,6130,-1
1414,40.912734,-73.255569,11654,-1
1415,50.019804,-99.888725,705,42
1416,40.704391,-110.888817,6112,-1
1417,45.37381,-93.216891,314,87
1418,47.174505,-71.371178,4008,61
1419,45.37381,-93.216891,379,87
1420,42.079363,-70.217948,13474,-1
1421,42.079533,-70.218606,3632,-1
1422,42.766564,-71.300432,1560,-1
1423,47.174916,-71.370275,3796,61
1424,45.392166,-68.294458,4895,-1
1425,47.051133,-71.430122,928,61
1426,49.816472,-103.742459,2592,48
1427,47.051483,-71.429687,366,61
1428,44.449488,-68.015034,599,11
1429,44.449488,-68.015034,849,11
1430,44.449488,-68.015034,956,11
1431,44.449488,-68.015034,801,11
1432,44.449488,-68.015034,753,11
1433,44.449488,-68.015034,1769,11
1434,44.449488,-68.015034,1463,11
1435,44.449488,-68.015034,1045,11
1436,64.839529,-147.831022,3058,4
1437,64.839839,-147.831692,2165,4
1438,49.817052,-103.743403,1734,48
1439,65.051658,-147.458695,1832,4
1440,65.051658,-147.458695,504,4
1441,65.308813,-146.71315,1356,-1
1442,50.17413,-97.013572,1637,1
1443,50.17413,-97.013572,1787,1
1444,50.17413,-97.013572,2239,1
1445,40.041086,-82.965778,202,63
1446,40.040757,-82.96463,272,63
1447,40.040757,-82.96463,186,63
1448,40.040757,-82.96463,169,63
1449,40.040757,-82.96463,193,63
1450,40.040749,-82.964168,209,63
1451,40.040708,-82.964844,211,63
1452,40.040708,-82.964844,220,63
1453,40.040708,-82.964844,189,63
1454,40.040708,-82.964844,201,63
1455,40.040708,-82.964844,311,63
1456,40.040708,-82.964844,182,63
1457,40.040503,-82.965145,231,63
1458,53.31775,-111.3135,109,-1
1459,62.552852,-150.242538,170,18
1460,62.552852,-150.242538,102,18
1461,62.552852,-150.242538,122,18
1462,50.455864,-97.068167,2325,1
1463,45.196627,-85.564122,82,92
1464,47.640063,-90.847384,270,93
1465,47.639788,-90.847985,234,93
1466,47.640742,-90.847127,613,93
1467,47.811454,-114.184459,3593,-1
1468,49.154186,-107.49727,3306,94
1469,49.154244,-107.497053,1574,94
1470,49.159811,-107.546659,4978,94
1471,49.159786,-107.546637,2871,94
1472,45.703946,-88.50558,1378,-1
1473,61.12745,-146.350539,5106,-1
1474,61.127472,-146.350509,6959,-1
1475,40.078355,-105.572573,14146,-1
1476,41.866316,-87.608112,2016,-1
1477,50.893425,-112.89042,1466,89
1478,50.893425,-112.89042,994,89
1479,50.893394,-112.890439,1337,89
1480,50.893438,-112.890445,2180,89
1481,50.89335,-112.89052,1910,89
1482,50.893352,-112.890553,1506,89
1483,50.247351,-91.619391,4126,95
1484,50.247351,-91.619391,4134,95
1485,50.247351,-91.619391,2991,95
1486,50.138783,-97.140126,4435,1
1487,49.816291,-103.743381,3976,48
1488,62.58032,-114.358084,107,8
1489,51.483001,-78.739166,703,38
1490,51.483001,-78.739166,686,38
1491,51.483001,-78.739166,683,38
1492,51.483001,-78.739166,628,38
1493,51.483001,-78.739166,910,38
1494,50.147337,-96.979826,1639,1
1495,50.147337,-96.979826,2303,1
1496,50.147337,-96.979826,874,1
1497,50.147337,-96.979826,992,1
1498,50.147337,-96.979826,1692,1
1499,62.552988,-114.34767,231,8
1500,62.553,-114.347656,214,8
1501,62.553022,-114.347623,175,8
1502,62.553005,-114.347645,162,8
1503,62.553013,-114.347659,158,8
1504,62.553013,-114.347659,175,8
1505,62.553016,-114.347656,114,8
1506,62.553016,-114.347656,111,8
1507,62.553016,-114.347656,110,8
1508,62.553022,-114.347656,116,8
1509,62.553022,-114.347656,112,8
1510,62.553016,-114.347659,112,8
1511,62.553013,-114.347673,110,8
1512,62.553013,-114.347675,107,8
1513,62.553075,-114.347528,93,8
1514,62.553075,-114.347528,112,8
1515,62.553066,-114.34755,104,8
1516,62.553066,-114.34755,92,8
1517,62.553041,-114.347553,87,8
1518,62.553041,-114.347553,92,8
1519,62.553047,-114.347556,96,8
1520,62.552994,-114.3477,110,8
1521,62.553005,-114.347678,84,8
1522,62.553002,-114.347695,88,8
1523,62.552966,-114.347673,86,8
1524,62.553005,-114.347662,88,8
1525,62.553008,-114.347659,102,8
1526,62.553008,-114.347659,91,8
1527,62.553008,-114.347659,84,8
1528,62.553008,-114.347634,87,8
1529,62.553008,-114.347631,73,8
1530,62.552994,-114.34765,83,8
1531,62.552994,-114.34765,91,8
1532,62.552994,-114.347648,83,8
1533,62.552994,-114.347675,82,8
1534,62.552991,-114.347675,81,8
1535,62.552988,-114.347675,88,8
1536,62.552988,-114.347675,84,8
1537,62.552986,-114.347673,82,8
1538,62.552986,-114.347675,86,8
1539,62.552983,-114.347675,87,8
1540,62.552983,-114.347675,78,8
1541,62.552983,-114.347675,81,8
1542,62.55298,-114.347681,81,8
1543,62.552983,-114.347678,79,8
1544,62.553013,-114.347681,77,8
1545,62.553013,-114.347681,89,8
1546,62.553013,-114.347678,91,8
1547,62.553,-114.347712,103,8
1548,65.047143,-147.436619,500,4
1549,65.045668,-147.409529,544,4
1550,65.045668,-147.409529,632,4
1551,62.548483,-114.363023,104,8
1552,62.548469,-114.362978,163,8
1553,62.548441,-114.362881,98,8
1554,62.548441,-114.362881,173,8
1555,62.548505,-114.362825,82,8
1556,62.548466,-114.362845,68,8
1557,62.548466,-114.362845,113,8
1558,65.045668,-147.409529,671,4
1559,62.548488,-114.362839,57,8
1560,62.548494,-114.36312,61,8
1561,62.548494,-114.363114,60,8
1562,62.548494,-114.363087,70,8
1563,62.548511,-114.363078,98,8
1564,62.548366,-114.362448,97,8
1565,65.045668,-147.409529,804,4
1566,51.480848,-113.071203,4344,-1
1567,51.482879,-113.138923,4193,-1
1568,51.483001,-78.739166,1295,38
1569,51.483001,-78.739166,1045,38
1570,51.483001,-78.739166,917,38
1571,64.873094,-147.037678,45,4
1572,64.873069,-147.037581,50,4
1573,64.873102,-147.037589,50,4
1574,64.873116,-147.037562,42,4
1575,64.872983,-147.037659,39,4
1576,65.050555,-147.456928,45,4
1577,65.05018,-147.445978,45,4
1578,65.05018,-147.445903,37,4
1579,65.050177,-147.445912,46,4
1580,64.92948,-147.628759,35,4
1581,64.929477,-147.628737,42,4
1582,64.929361,-147.628575,34,4
1583,64.929397,-147.628542,33,4
1584,64.929172,-147.629256,39,4
1585,64.929161,-147.629331,36,4
1586,61.509033,-148.995305,489,0
1587,64.906697,-147.5954,40,4
1588,64.906697,-147.595398,56,4
1589,64.906736,-147.595403,35,4
1590,64.906605,-147.595292,33,4
1591,58.7375,-93.819166,146,28
1592,59.573812,-133.706102,2464,96
1593,49.879196,-97.153595,234,1
1594,51.220781,-114.048557,4185,58
1595,51.126691,-114.133509,446,58
1596,51.03802,-114.045925,528,58
1597,59.573812,-133.706102,4461,96
1598,59.573812,-133.706102,2885,96
1599,59.573812,-133.706102,3706,96
1600,40.660497,-89.389926,1183,80
1601,40.660485,-89.389856,2110,80
1602,40.660953,-89.390054,1516,80
1603,46.736666,-91.572223,2913,-1
1604,51.483001,-78.739166,987,38
1605,51.483001,-78.739166,931,38
1606,51.483001,-78.739166,833,38
1607,53.279504,-113.390908,660,26
1608,51.483373,-78.709466,940,38
1609,51.483373,-78.709466,728,38
1610,51.483373,-78.709466,815,38
1611,51.483373,-78.709466,754,38
1612,51.483373,-78.709466,813,38
1613,51.483001,-78.739166,671,38
1614,65.159243,-147.347137,7363,4
1615,64.860266,-147.733475,967,4
1616,45.332787,-75.784764,1206,16
1617,62.533386,-114.201014,57,8
1618,65.046388,-147.45172,5222,4
1619,61.04349,-138.389014,5653,97
1620,61.042285,-138.390494,4585,97
1621,43.738452,-69.798588,64,39
1622,43.872668,-69.701013,9993,39
1623,44.788855,-87.660942,147,98
1624,43.872668,-69.701013,8265,39
1625,50.42755,-90.643131,15515,99
1626,50.42755,-90.643131,24702,99
1627,67.810452,-115.196539,19924,19
1628,67.810386,-115.196698,6247,19
1629,67.828652,-115.093389,1252,19
1630,49.319975,-103.249897,55,100
1631,49.319975,-103.249897,43,100
1632,49.319975,-103.249897,41,100
1633,49.319975,-103.249897,41,100
1634,49.319975,-103.249897,63,100
1635,49.319975,-103.249897,48,100
1636,61.203547,-150.01566,1000,30
1637,62.5377,-114.146833,533,8
1638,62.5377,-114.146833,684,8
1639,62.5377,-114.146833,2923,8
1640,67.828569,-115.093106,2168,19
1641,54.079594,-122.36262,234,-1
1642,59.573812,-133.706102,913,96
1643,50.427494,-90.642014,4003,99
1644,61.042295,-138.390537,14761,97
1645,44.087188,-80.287514,173,-1
1646,54.295886,-122.655453,741,-1
1647,47.003921,-71.39849,525,61
1648,45.757957,-84.963916,1150,67
1649,49.378279,-123.279583,15968,22
1650,45.783872,-84.72302,166,67
1651,45.698333,-69.725833,9427,-1
1652,45.78858,-84.7313,99,67
1653,45.199438,-85.561225,318,92
1654,44.681805,-79.319518,894,60
1655,43.738452,-69.798588,175,39
1656,44.681775,-79.319733,11188,60
1657,60.880469,-135.465923,77,31
1658,60.880461,-135.46592,114,31
1659,60.880436,-135.466012,150,31
1660,60.880444,-135.466012,104,31
1661,60.880463,-135.465925,147,31
1662,46.979395,-114.178301,7025,101
1663,46.97941,-114.181905,2570,101
1664,46.979502,-114.19367,1879,101
1665,44.850514,-87.550048,4668,98
1666,49.879108,-97.153494,372,1
1667,45.757957,-84.963916,622,67
1668,49.879094,-97.153515,260,1
1669,44.668187,-87.747405,119,98
1670,45.757957,-84.963916,921,67
1671,45.757957,-84.963916,612,67
1672,45.757957,-84.963916,616,67
1673,45.757957,-84.963916,1648,67
1674,45.757957,-84.963916,570,67
1675,45.757957,-84.963916,875,67
1676,45.757957,-84.963916,926,67
1677,45.757957,-84.963916,460,67
1678,67.047653,-150.068776,988,24
1679,54.772814,-111.987907,3548,-1
1680,45.678735,-111.027241,2828,102
1681,45.6789,-111.027199,2911,102
1682,45.678735,-111.027113,2878,102
1683,63.565063,-149.806022,5223,-1
1684,63.565063,-149.806022,5658,-1
1685,47.744705,-115.38376,11074,-1
1686,50.581601,-122.426319,6876,74
1687,40.040987,-82.964458,450,63
1688,40.040987,-82.964458,1574,63
1689,40.040987,-82.964458,995,63
1690,40.040987,-82.964458,684,63
1691,40.040987,-82.964458,405,63
1692,40.040987,-82.964458,454,63
1693,40.040987,-82.964458,602,63
1694,40.040987,-82.964458,521,63
1695,40.040987,-82.964458,434,63
1696,40.040987,-82.964458,812,63
1697,50.144139,-97.022098,1108,1
1698,49.817163,-103.742953,1215,48
1699,50.343735,-122.474416,1490,74
1700,49.785981,-123.250411,237,22
1701,49.785981,-123.250411,244,22
1702,49.785981,-123.250411,203,22
1703,45.068333,-85.707223,1186627,92
1704,50.901084,-115.634021,8568,52
1705,49.559696,-123.236925,9638,22
1706,44.800199,-85.207599,2190,-1
1707,38.971354,-120.393719,64815,-1
1708,45.8025,-68.893611,1259,33
1709,45.8025,-68.893611,987,33
1710,45.8025,-68.893611,856,33
1711,45.8025,-68.893611,885,33
1712,45.8025,-68.893611,1354,33
1713,47.661861,-122.435556,28298,-1
1714,49.879196,-97.153595,210,1
1715,46.628383,-112.041846,586,72
1716,48.528862,-113.993185,746,-1
1717,53.44758,-113.825798,456,26
1718,49.879196,-97.153595,154,1
1719,49.879196,-97.153595,145,1
1720,53.598929,-113.262165,1212,26
1721,53.598929,-113.262101,1091,26
1722,53.598954,-113.262144,899,26
1723,53.598916,-113.262144,1913,26
1724,50.072361,-88.972128,515,-1
1725,44.975902,-110.699433,1369,-1
1726,49.816388,-103.743212,10486,48
1727,49.816941,-103.743212,5311,48
1728,49.816388,-103.743212,519,48
1729,48.433955,-120.135998,1808,103
1730,49.816194,-103.743253,1026,48
1731,49.559481,-123.236249,23498,22
1732,64.994832,-147.530261,126,4
1733,51.483001,-78.739166,1292,38
1734,51.482732,-78.737919,902,38
1735,51.483001,-78.739166,791,38
1736,49.816444,-103.742931,1386,48
1737,49.816444,-103.742931,552,48
1738,49.816444,-103.742931,484,48
1739,45.266611,-121.741217,853,104
1740,50.524088,-98.052291,582,-1
1741,41.711905,-93.755806,44,105
1742,41.711905,-93.755806,51,105
1743,41.711905,-93.755806,40,105
1744,41.711905,-93.755806,48,105
1745,41.711905,-93.755806,42,105
1746,41.711905,-93.755806,54,105
1747,41.711905,-93.755806,52,105
1748,41.711905,-93.755806,43,105
1749,41.711905,-93.755806,50,105
1750,41.711905,-93.755806,49,105
1751,41.711905,-93.755806,47,105
1752,41.711905,-93.755806,46,105
1753,41.711905,-93.755806,48,105
1754,41.711905,-93.755806,39,105
1755,41.711905,-93.755806,49,105
1756,41.711905,-93.755806,51,105
1757,41.711905,-93.755806,47,105
1758,41.711905,-93.755806,51,105
1759,41.711905,-93.755806,49,105
1760,41.711905,-93.755806,57,105
1761,41.711905,-93.755806,54,105
1762,41.593757,-93.952353,406,105
1763,41.711894,-93.755806,77,105
1764,45.267456,-121.742336,4365,104
1765,46.902867,-81.631655,109,106
1766,46.902867,-81.631655,182,106
1767,46.902867,-81.631655,97,106
1768,46.902867,-81.631655,104,106
1769,46.902867,-81.631655,91,106
1770,46.902867,-81.631655,79,106
1771,45.267093,-121.741991,9408,104
1772,45.267177,-121.742139,1328,104
1773,45.267018,-121.74199,855,104
1774,48.756262,-114.887166,1439,-1
1775,51.212655,-113.836639,295,58
1776,51.212636,-113.836639,414,58
1777,65.046088,-147.406836,5884,4
1778,51.242931,-115.494954,327,52
1779,51.242931,-115.494954,372,52
1780,51.242931,-115.494954,299,52
1781,45.78798,-84.730424,315,67
1782,44.121852,-77.384262,82,-1
1783,44.121236,-77.38497,91,-1
1784,50.296467,-96.683893,2539,1
1785,50.296543,-96.684365,5149,1
1786,50.011793,-96.854653,1190,1
1787,48.475368,-92.798895,4559,107
1788,48.475339,-92.798852,4152,107
1789,55.780893,-97.858357,72,56
1790,55.780893,-97.858357,51,56
1791,55.780893,-97.858357,51,56
1792,55.780893,-97.858357,49,56
1793,55.780893,-97.858357,55,56
1794,55.780893,-97.858357,56,56
1795,55.780893,-97.858357,138,56
1796,55.780893,-97.858357,73,56
1797,55.780893,-97.858357,56,56
1798,55.780893,-97.858357,58,56
1799,55.780893,-97.858357,62,56
1800,55.780893,-97.858357,49,56
1801,55.780893,-97.858357,68,56
1802,55.780893,-97.858357,63,56
1803,55.780893,-97.858357,52,56
1804,55.780893,-97.858357,71,56
1805,55.780893,-97.858357,57,56
1806,55.780893,-97.858357,56,56
1807,55.780893,-97.858357,108,56
1808,55.780893,-97.858357,59,56
1809,55.780893,-97.858357,76,56
1810,57.792729,-152.433006,2970,108
1811,57.830587,-152.364513,1439,108
1812,48.475794,-92.799625,5140,107
1813,57.840388,-152.449743,2048,108
1814,48.444262,-120.199184,1724,103
1815,48.475965,-92.799453,6771,107
1816,43.509748,-84.075794,69,109
1817,43.509872,-84.075837,92,109
1818,43.509903,-84.075837,75,109
1819,43.509748,-84.075751,81,109
1820,67.087892,-157.857871,94,110
1821,67.087892,-157.857871,99,110
1822,67.087892,-157.857871,127,110
1823,67.087892,-157.857871,169,110
1824,67.087892,-157.857871,101,110
1825,67.087892,-157.857871,167,110
1826,67.087892,-157.857871,174,110
1827,67.087892,-157.857871,584,110
1828,67.087892,-157.857871,244,110
1829,64.753742,-147.314214,2153,4
1830,65.046025,-147.406986,16810,4
1831,55.066666,-115.583334,2227,-1
1832,56.383333,-120,1071,-1
1833,57.3,-123.55,2664,-1
1834,57.416666,-124.033334,692,-1
1835,59.573812,-133.706102,1568,96
1836,52.543894,-103.69096,5499,-1
1837,46.771026,-84.955708,173,34
1838,54.772573,-128.778648,682,111
1839,54.76782,-128.775558,1906,111
1840,54.772276,-128.775043,1366,111
1841,65.046451,-147.406504,2213,4
1842,65.046351,-147.406783,2088,4
1843,65.046396,-147.406482,2405,4
1844,65.046333,-147.406697,2218,4
1845,65.046378,-147.406611,2342,4
1846,65.045627,-147.40837,3419,4
1847,61.465277,-148.793056,1476,0
1848,65.046098,-147.406589,1605,4
1849,61.465277,-148.793334,2254,0
1850,61.465277,-148.793056,2514,0
1851,61.465277,-148.793334,2091,0
1852,51.95833,-102.071978,165,-1
1853,62.361755,-150.255846,344,18
1854,55.780893,-97.858357,61,56
1855,55.780893,-97.858357,65,56
1856,55.780893,-97.858357,102,56
1857,55.780893,-97.858357,70,56
1858,55.780893,-97.858357,67,56
1859,55.780893,-97.858357,59,56
1860,55.780893,-97.858357,51,56
1861,55.780893,-97.858357,69,56
1862,55.780893,-97.858357,71,56
1863,55.780893,-97.858357,56,56
1864,55.780893,-97.858357,61,56
1865,55.780893,-97.858357,111,56
1866,55.780893,-97.858357,64,56
1867,55.780893,-97.858357,107,56
1868,55.780893,-97.858357,67,56
1869,55.780893,-97.858357,76,56
1870,42.627643,-83.729209,1813,-1
1871,55.780893,-97.858357,59,56
1872,55.780893,-97.858357,69,56
1873,43.367091,-86.187443,540,77
1874,63.717647,-149.011917,21215,12
1875,63.690726,-148.90995,36859,12
1876,61.496655,-149.045505,258,0
1877,61.502921,-149.046363,457,0
1878,61.504396,-149.043874,317,0
1879,60.649141,-135.24,326,31
1880,60.649113,-135.239992,333,31
1881,60.649116,-135.240028,273,31
1882,60.649113,-135.24,257,31
1883,60.649133,-135.239953,296,31
1884,60.649111,-135.23997,269,31
1885,60.649108,-135.239953,267,31
1886,60.649127,-135.239948,262,31
1887,60.649144,-135.239937,279,31
1888,60.649133,-135.239925,732,31
1889,60.649102,-135.23995,290,31
1890,60.6491,-135.239956,344,31
1891,60.6491,-135.239942,274,31
1892,60.649075,-135.239909,298,31
1893,60.649122,-135.239942,282,31
1894,60.649113,-135.239953,291,31
1895,60.649116,-135.239953,985,31
1896,60.649155,-135.239398,264,31
1897,60.649155,-135.239453,229,31
1898,60.649161,-135.239453,243,31
1899,60.64905,-135.240012,283,31
1900,60.64905,-135.240012,279,31
1901,60.64905,-135.240012,297,31
1902,60.649061,-135.239867,282,31
1903,60.649061,-135.239867,266,31
1904,60.649061,-135.239867,1255,31
1905,60.649061,-135.239867,295,31
1906,64.877922,-148.050749,94,4
1907,64.877922,-148.050749,77,4
1908,64.877922,-148.050749,70,4
1909,64.877922,-148.050749,72,4
1910,64.877922,-148.050749,103,4
1911,64.877922,-148.050749,88,4
1912,64.877922,-148.050749,76,4
1913,50.428613,-90.641842,5465,99
1914,64.994832,-147.530261,56,4
1915,64.994832,-147.530261,65,4
1916,64.994832,-147.530261,76,4
1917,64.994832,-147.530261,64,4
1918,64.994832,-147.530261,75,4
1919,64.994832,-147.530261,59,4
1920,64.994832,-147.530261,62,4
1921,64.994832,-147.530261,91,4
1922,64.994832,-147.530261,153,4
1923,64.994832,-147.530261,73,4
1924,64.994832,-147.530261,101,4
1925,64.994832,-147.530261,100,4
1926,64.994832,-147.530261,137,4
1927,64.994832,-147.530261,67,4
1928,64.994832,-147.530261,99,4
1929,64.994832,-147.530261,71,4
1930,64.994832,-147.530261,84,4
1931,64.994832,-147.530261,74,4
1932,64.994832,-147.530261,73,4
1933,64.994832,-147.530261,71,4
1934,64.994832,-147.530261,56,4
1935,64.994832,-147.530261,67,4
1936,64.994832,-147.530261,60,4
1937,64.994832,-147.530261,93,4
1938,64.994832,-147.530261,64,4
1939,64.994832,-147.530261,96,4
1940,64.994832,-147.530261,72,4
1941,64.994832,-147.530261,75,4
1942,64.994832,-147.530261,72,4
1943,64.994832,-147.530261,58,4
1944,64.994832,-147.530261,53,4
1945,64.994832,-147.530261,75,4
1946,64.994832,-147.530261,50,4
1947,64.994832,-147.530261,53,4
1948,64.994832,-147.530261,54,4
1949,64.994832,-147.530261,47,4
1950,64.994832,-147.530261,56,4
1951,64.994832,-147.530261,56,4
1952,64.994832,-147.530261,78,4
1953,64.994832,-147.530261,51,4
1954,64.994832,-147.530261,69,4
1955,64.994832,-147.530261,47,4
1956,64.994832,-147.530261,63,4
1957,64.994832,-147.530261,60,4
1958,64.994832,-147.530261,54,4
1959,64.994832,-147.530261,78,4
1960,64.994832,-147.530261,49,4
1961,64.994832,-147.530261,52,4
1962,64.994832,-147.530261,57,4
1963,64.994832,-147.530261,56,4
1964,64.994832,-147.530261,82,4
1965,64.994832,-147.530261,53,4
1966,64.994832,-147.530261,48,4
1967,64.994832,-147.530261,60,4
1968,64.994832,-147.530261,50,4
1969,64.994832,-147.530261,62,4
1970,64.994832,-147.530261,88,4
1971,64.994832,-147.530261,65,4
1972,64.994832,-147.530261,66,4
1973,64.994832,-147.530261,72,4
1974,64.994832,-147.530261,55,4
1975,64.994832,-147.530261,72,4
1976,64.994832,-147.530261,69,4
1977,64.994832,-147.530261,60,4
1978,64.994832,-147.530261,59,4
1979,64.994832,-147.530261,51,4
1980,64.994832,-147.530261,43,4
1981,64.994832,-147.530261,79,4
1982,64.994832,-147.530261,92,4
1983,64.994832,-147.530261,53,4
1984,64.994832,-147.530261,52,4
1985,64.994832,-147.530261,71,4
1986,38.89646,-77.055798,8203,17
1987,64.883596,-146.860363,66,4
1988,64.883596,-146.860363,50,4
1989,64.883596,-146.860363,47,4
1990,64.883596,-146.860363,47,4
1991,64.883596,-146.860363,47,4
1992,64.883596,-146.860363,53,4
1993,64.883596,-146.860363,45,4
1994,64.883596,-146.860363,55,4
1995,64.883596,-146.860363,62,4
1996,64.883596,-146.860363,51,4
1997,64.883596,-146.860363,47,4
1998,64.883596,-146.860363,37,4
1999,64.883596,-146.860363,25,4
2000,64.883596,-146.860363,45,4
2001,64.883596,-146.860363,19,4
2002,64.883596,-146.860363,33,4
2003,64.883596,-146.860363,28,4
2004,64.883596,-146.860363,27,4
2005,64.883596,-146.860363,33,4
2006,64.883596,-146.860363,26,4
2007,64.883596,-146.860363,24,4
2008,64.883596,-146.860363,20,4
2009,64.883596,-146.860363,34,4
2010,64.883596,-146.860363,25,4
2011,64.883596,-146.860363,25,4
2012,60.905747,-135.172031,579,31
2013,60.905747,-135.172031,706,31
2014,60.905747,-135.172031,634,31
2015,60.905747,-135.172031,555,31
2016,60.905747,-135.172031,653,31
2017,60.905747,-135.172031,503,31
2018,60.905747,-135.172031,651,31
2019,60.905747,-135.172031,544,31
2020,60.905747,-135.172031,399,31
2021,60.905747,-135.172031,527,31
2022,60.905747,-135.172031,663,31
2023,60.905747,-135.172031,684,31
2024,60.905747,-135.172031,558,31
2025,60.905747,-135.172031,560,31
2026,60.905747,-135.172031,354,31
2027,60.905747,-135.172031,640,31
2028,60.905747,-135.172031,561,31
2029,60.905747,-135.172031,454,31
2030,60.905747,-135.172031,550,31
2031,60.905747,-135.172031,1004,31
2032,60.905747,-135.172031,582,31
2033,60.905747,-135.172031,521,31
2034,60.905747,-135.172031,427,31
2035,60.905747,-135.172031,548,31
2036,60.905747,-135.172031,575,31
2037,60.905747,-135.172031,490,31
2038,60.905747,-135.172031,455,31
2039,60.905747,-135.172031,541,31
2040,60.905747,-135.172031,378,31
2041,60.905747,-135.172031,409,31
2042,60.905747,-135.172031,440,31
2043,60.905747,-135.172031,508,31
2044,60.905747,-135.172031,480,31
2045,60.905747,-135.172031,434,31
2046,60.905747,-135.172031,515,31
2047,60.905747,-135.172031,620,31
2048,60.905747,-135.172031,469,31
2049,60.905747,-135.172031,575,31
2050,60.905747,-135.172031,595,31
2051,60.905747,-135.172031,616,31
2052,60.905747,-135.172031,530,31
2053,60.905747,-135.172031,842,31
2054,60.905747,-135.172031,452,31
2055,60.905747,-135.172031,505,31
2056,60.905747,-135.172031,281,31
2057,60.905747,-135.172031,476,31
2058,60.905747,-135.172031,512,31
2059,60.905747,-135.172031,489,31
2060,60.905747,-135.172031,492,31
2061,60.905747,-135.172031,484,31
2062,60.905747,-135.172031,500,31
2063,60.905747,-135.172031,407,31
2064,60.905747,-135.172031,534,31
2065,60.905747,-135.172031,628,31
2066,60.905747,-135.172031,393,31
2067,60.905747,-135.172031,324,31
2068,60.905747,-135.172031,390,31
2069,60.905747,-135.172031,397,31
2070,60.905747,-135.172031,436,31
2071,55.780893,-97.858357,95,56
2072,55.780893,-97.858357,72,56
2073,55.780893,-97.858357,65,56
2074,55.780893,-97.858357,75,56
2075,55.780893,-97.858357,59,56
2076,55.780893,-97.858357,61,56
2077,55.780893,-97.858357,116,56
2078,55.780893,-97.858357,57,56
2079,55.780893,-97.858357,65,56
2080,55.780893,-97.858357,64,56
2081,55.780893,-97.858357,100,56
2082,55.780893,-97.858357,54,56
2083,55.780893,-97.858357,91,56
2084,55.780893,-97.858357,68,56
2085,55.780893,-97.858357,82,56
2086,55.780893,-97.858357,85,56
2087,55.780893,-97.858357,58,56
2088,55.780893,-97.858357,58,56
2089,55.780893,-97.858357,47,56
2090,55.780893,-97.858357,55,56
2091,55.780893,-97.858357,70,56
2092,55.780893,-97.858357,55,56
2093,55.780893,-97.858357,66,56
2094,55.780893,-97.858357,45,56
2095,55.780893,-97.858357,50,56
2096,55.780893,-97.858357,53,56
2097,55.780893,-97.858357,58,56
2098,55.780893,-97.858357,59,56
2099,55.780893,-97.858357,67,56
2100,55.780893,-97.858357,134,56
2101,55.780893,-97.858357,60,56
2102,55.780893,-97.858357,70,56
2103,55.780893,-97.858357,81,56
2104,55.780893,-97.858357,67,56
2105,50.427772,-90.64187,3738,99
2106,65.115333,-147.499334,264,4
2107,65.1155,-147.499834,121,4
2108,65.115666,-147.499834,155,4
2109,65.1155,-147.499834,228,4
2110,65.1155,-147.5,129,4
2111,65.1155,-147.5,336,4
2112,65.115666,-147.5,177,4
2113,65.1155,-147.5,262,4
2114,65.1155,-147.5,199,4
2115,65.1155,-147.499834,322,4
2116,62.503601,-114.224853,183,8
2117,39.783666,-95.89527,146,112
2118,39.78355,-95.897308,170,112
2119,39.783831,-95.896643,156,112
2120,50.643296,-107.956391,1200,-1
2121,50.643283,-107.955887,1956,-1
2122,45.488268,-75.312352,2541,-1
2123,42.629423,-88.131594,1295,113
2124,39.7836,-95.890656,149,112
2125,42.628434,-88.130779,1102,113
2126,43.080083,-85.059859,471,-1
2127,42.532149,-88.077395,960,113
2128,43.892897,-70.256237,264,-1
2129,44.544483,-77.11029,409,15
2130,51.489119,-78.749721,881,38
2131,44.840047,-78.438799,273,53
2132,69.448154,-133.03276,3719,114
2133,44.840108,-78.438155,1166,53
2134,61.504191,-149.03572,240,0
2135,61.501775,-149.033102,42,0
2136,51.484376,-78.739013,613,38
2137,51.484376,-78.739013,529,38
2138,51.484376,-78.739013,602,38
2139,51.484376,-78.739013,546,38
2140,51.484376,-78.739013,565,38
2141,51.484376,-78.739013,501,38
2142,51.484376,-78.739013,495,38
2143,51.484376,-78.739013,596,38
2144,51.484376,-78.739013,708,38
2145,51.484376,-78.739013,511,38
2146,51.484376,-78.739013,742,38
2147,51.484376,-78.739013,506,38
2148,51.484376,-78.739013,491,38
2149,51.484376,-78.739013,499,38
2150,61.502635,-149.030957,97,0
2151,51.484376,-78.739013,513,38
2152,51.484376,-78.739013,891,38
2153,51.484376,-78.739013,479,38
2154,51.484376,-78.739013,795,38
2155,61.501304,-149.032244,291,0
2156,61.502635,-149.030957,46,0
2157,61.502635,-149.030957,39,0
2158,61.502635,-149.030957,42,0
2159,61.502635,-149.030957,60,0
2160,61.502635,-149.030957,54,0
2161,52.095486,-106.685142,757,-1
2162,61.502635,-149.030957,35,0
2163,61.502635,-149.030957,37,0
2164,61.502635,-149.030957,43,0
2165,62.096672,-146.168292,1870,115
2166,64.844805,-147.811431,1008,4
2167,48.452538,-101.57606,17330,-1
2168,64.50222,-165.403976,654,116
2169,64.50222,-165.403976,636,116
2170,37.94308,-119.026458,21109,-1
2171,47.680948,-117.626988,281,-1
2172,44.743273,-79.293952,2229,60
2173,47.681013,-117.626849,231,-1
2174,45.542088,-92.775002,357,87
2175,62.446552,-114.363276,124,8
2176,62.446264,-114.362268,181,8
2177,62.446602,-114.363534,168,8
2178,62.446458,-114.36348,230,8
2179,62.446552,-114.363276,123,8
2180,62.446552,-114.363276,135,8
2181,62.446552,-114.363276,80,8
2182,62.446552,-114.363276,81,8
2183,62.446552,-114.363276,85,8
2184,62.446552,-114.363276,120,8
2185,62.446552,-114.363276,100,8
2186,62.446552,-114.363276,81,8
2187,62.446552,-114.363276,82,8
2188,62.446552,-114.363276,83,8
2189,62.446552,-114.363276,72,8
2190,62.446324,-114.360809,103,8
2191,62.446552,-114.363276,76,8
2192,62.446552,-114.363276,77,8
2193,62.446552,-114.363276,106,8
2194,62.446552,-114.363276,78,8
2195,62.446552,-114.363276,82,8
2196,45.489832,-75.31233,887,-1
2197,44.681775,-79.319615,331,60
2198,53.66192,-113.689066,323,26
2199,53.659403,-113.650635,1138,26
2200,53.659212,-113.65042,719,26
2201,44.681958,-79.319272,1070,60
2202,44.116907,-76.906378,285,-1
2203,45.236731,-79.464282,144,60
2204,45.238725,-79.462351,178,60
2205,43.68367,-79.993472,1035,-1
2206,39.529408,-88.001614,1587,-1
2207,64.50222,-165.403976,136,116
2208,64.50222,-165.403976,125,116
2209,48.46013,-122.51952,474,117
2210,64.50222,-165.403976,880,116
2211,62.50368,-114.225711,125,8
2212,62.503992,-114.224563,88,8
2213,62.504101,-114.224306,77,8
2214,62.087152,-112.610336,4,-1
2215,61.20319,-150.011873,79,30
2216,61.20319,-150.011873,47,30
2217,61.20319,-150.011873,76,30
2218,61.20319,-150.011873,64,30
2219,62.50368,-114.225025,187,8
2220,51.240023,-115.492465,489,52
2221,51.241245,-115.493731,460,52
2222,51.240157,-115.492637,220,52
2223,42.61772,-83.826767,939,-1
2224,52.229344,-113.793411,310,-1
2225,46.593345,-87.379739,789,118
2226,46.592843,-87.379771,857,118
2227,46.580574,-87.384738,831,118
2228,51.492339,-78.758926,683,38
2229,51.492339,-78.758926,468,38
2230,51.492339,-78.758926,430,38
2231,46.635352,-87.466696,149,118
2232,46.635256,-87.466685,135,118
2233,46.635293,-87.466878,393,118
2234,62.548,-114.364462,10701,8
2235,62.479835,-114.373383,12529,8
2236,62.479775,-104.373447,11976,-1
2237,62.479775,-114.373447,13811,8
2238,62.479775,-114.373447,11294,8
2239,62.51309,-114.308209,4659,8
2240,62.538057,-114.141585,12734,8
2241,62.538057,-114.146585,11675,8
2242,62.51309,-114.308209,9181,8
2243,62.503738,-114.226306,68,8
2244,62.503722,-114.226298,79,8
2245,62.503747,-114.226278,128,8
2246,62.503711,-114.226331,64,8
2247,62.503811,-114.226456,70,8
2248,62.503741,-114.226476,68,8
2249,62.503702,-114.226339,80,8
2250,62.503675,-114.226362,98,8
2251,62.50373,-114.226656,73,8
2252,62.503716,-114.226537,79,8
2253,62.503686,-114.226331,139,8
2254,62.503686,-114.226331,77,8
2255,62.50373,-114.226539,128,8
2256,62.503747,-114.2266,91,8
2257,62.503719,-114.226298,74,8
2258,62.50393,-114.226123,126,8
2259,62.50393,-114.226123,89,8
2260,67.821497,-115.089825,4388,19
2261,67.821608,-115.089428,2479,19
2262,51.0815,-115.340167,123,52
2263,67.828338,-115.092612,474,19
2264,50.139814,-97.027881,1154,1
2265,60.722631,-135.183194,1908,31
2266,60.722631,-135.183194,209,31
2267,62.515877,-113.725334,71,8
2268,62.515891,-113.725289,63,8
2269,62.51588,-113.725312,161,8
2270,62.437409,-114.41927,31,8
2271,67.82885,-115.111903,591,19
2272,62.571261,-113.976845,101,8
2273,62.571261,-113.976767,59,8
2274,62.571236,-113.976767,118,8
2275,62.571236,-113.976767,108,8
2276,62.571236,-113.976764,122,8
2277,62.571263,-113.976734,150,8
2278,62.571244,-113.976803,219,8
2279,62.571222,-113.97672,106,8
2280,62.571263,-113.976784,128,8
2281,51.046594,-114.026348,4897,58
2282,48.676438,-89.467892,687,75
2283,48.062834,-88.645012,663,82
2284,48.062834,-88.645012,668,82
2285,43.367902,-86.186585,1021,77
2286,44.656598,-79.352926,200,60
2287,44.742347,-79.330168,196,60
2288,44.725103,-79.304959,272,60
2289,44.675824,-79.314208,254,60
2290,44.014176,-121.736863,15027,119
2291,44.014052,-121.737205,2357,119
2292,44.014048,-121.737037,2756,119
2293,44.544331,-89.273024,1152,120
2294,44.544331,-89.27296,1834,120
2295,39.785125,-95.890324,9446,112
2296,47.920426,-91.9752,560,27
2297,44.51441,-89.365249,854,120
2298,44.51441,-89.365249,765,120
2299,42.642182,-90.881588,332,121
2300,47.920426,-91.9752,544,27
2301,42.642182,-90.881588,350,121
2302,42.642182,-90.881588,272,121
2303,42.642182,-90.881588,331,121
2304,42.642182,-90.881588,543,121
2305,47.920426,-91.9752,1070,27
2306,42.642182,-90.881588,337,121
2307,42.642182,-90.881588,346,121
2308,47.920426,-91.9752,565,27
2309,44.51441,-89.365249,2545,120
2310,47.920426,-91.9752,550,27
2311,47.920426,-91.9752,620,27
2312,44.51441,-89.365249,738,120
2313,47.851902,-90.106987,183,-1
2314,47.920426,-91.9752,868,27
2315,47.920426,-91.9752,752,27
2316,47.920426,-91.9752,718,27
2317,44.67468,-79.312298,2826,60
2318,48.678678,-72.473995,3731,-1
2319,44.828604,-87.620773,115,98
2320,50.018987,-96.87919,95,1
2321,50.018987,-96.87919,96,1
2322,47.920426,-91.974706,12869,27
2323,47.920426,-91.9752,961,27
2324,47.920426,-91.9752,600,27
2325,47.920426,-91.9752,673,27
2326,47.920426,-91.9752,635,27
2327,48.307903,-122.716351,171,117
2328,47.920426,-91.9752,601,27
2329,48.307903,-122.716351,111,117
2330,49.125595,-123.199181,1335,22
2331,48.307903,-122.716351,108,117
2332,47.920426,-91.9752,640,27
2333,47.920426,-91.9752,634,27
2334,48.307903,-122.716351,107,117
2335,45.856512,-92.792222,475,-1
2336,47.920426,-91.9752,811,27
2337,44.681775,-79.31955,651,60
2338,47.920426,-91.9752,874,27
2339,49.973797,-98.672859,671,-1
2340,47.920426,-91.9752,616,27
2341,48.442824,-120.195107,297,103
2342,47.246719,-72.480537,232,122
2343,47.246719,-72.480537,330,122
2344,44.824221,-87.623176,182,98
2345,47.246719,-72.480537,205,122
2346,48.442796,-120.195107,299,103
2347,47.920426,-91.9752,817,27
2348,44.85027,-87.549877,316,98
2349,45.856512,-92.792222,555,-1
2350,49.559599,-123.23567,428,22
2351,49.559599,-123.23567,547,22
2352,46.779286,-90.781357,301,14
2353,44.675312,-79.31346,883,60
2354,44.669432,-79.352816,755,60
2355,44.669442,-79.352816,1057,60
2356,39.098061,-106.942591,1647,-1
2357,39.098094,-106.942741,1557,-1
2358,44.603763,-111.416398,148,-1
2359,44.603805,-111.41629,292,-1
2360,51.483001,-78.739166,454,38
2361,51.483001,-78.739166,463,38
2362,51.483001,-78.739166,464,38
2363,51.483001,-78.739166,442,38
2364,51.483001,-78.739166,424,38
2365,51.483001,-78.739166,404,38
2366,51.483001,-78.739166,415,38
2367,51.483001,-78.739166,413,38
2368,51.483001,-78.739166,582,38
2369,38.284201,-85.821847,8955,-1
2370,50.151131,-97.004165,837,1
2371,50.151131,-97.004165,1086,1
2372,40.040797,-82.96486,105,63
2373,40.040641,-82.961406,620,63
2374,59.964634,-111.828804,1788,-1
2375,42.532045,-88.077778,694,113
2376,51.483,-78.739,378,38
2377,51.483,-78.739,336,38
2378,51.483,-78.739,432,38
2379,51.483,-78.739,564,38
2380,46.636751,-87.472796,164,118
2381,46.636747,-87.472313,263,118
2382,42.532069,-88.078787,2345,113
2383,44.636872,-80.867042,553,47
2384,46.636972,-87.474405,337,118
2385,64.948208,-148.356502,1216,4
2386,60.949125,-135.127308,86,31
2387,60.949125,-135.127308,145,31
2388,60.949125,-135.127308,90,31
2389,60.949125,-135.127308,186,31
2390,60.949125,-135.127308,111,31
2391,60.949125,-135.127308,111,31
2392,60.949125,-135.127308,203,31
2393,60.949125,-135.127308,112,31
2394,60.949125,-135.127308,124,31
2395,60.949125,-135.127308,115,31
2396,60.949125,-135.127308,136,31
2397,60.949125,-135.127308,90,31
2398,60.949125,-135.127308,62,31
2399,60.949125,-135.127308,78,31
2400,60.949125,-135.127308,122,31
2401,60.949125,-135.127308,116,31
2402,60.949125,-135.127308,80,31
2403,60.949125,-135.127308,112,31
2404,60.949125,-135.127308,327,31
2405,60.949125,-135.127308,106,31
2406,60.949125,-135.127308,93,31
2407,58.296325,-134.431682,65,123
2408,58.296311,-134.431639,64,123
2409,58.296373,-134.431661,76,123
2410,58.296325,-134.431693,124,123
2411,58.296356,-134.43165,110,123
2412,58.29632,-134.431586,127,123
2413,58.296339,-134.431682,97,123
2414,58.29632,-134.431639,166,123
2415,58.296334,-134.431639,134,123
2416,58.29632,-134.431618,123,123
2417,58.296314,-134.431618,159,123
2418,58.296328,-134.431607,145,123
2419,58.296337,-134.431618,181,123
2420,62.442263,-114.427839,48,8
2421,62.442263,-114.427839,79,8
2422,62.442263,-114.427839,53,8
2423,62.442263,-114.427839,63,8
2424,62.442263,-114.427839,79,8
2425,62.442263,-114.427839,43,8
2426,62.442263,-114.427839,78,8
2427,62.442263,-114.427839,53,8
2428,62.442263,-114.427839,54,8
2429,62.442263,-114.427839,48,8
2430,62.442263,-114.427839,52,8
2431,62.442263,-114.427839,50,8
2432,62.442263,-114.427839,53,8
2433,62.442263,-114.427839,28,8
2434,62.442263,-114.427839,38,8
2435,62.442263,-114.427839,20,8
2436,62.442263,-114.427839,31,8
2437,62.442263,-114.427839,75,8
2438,62.442263,-114.427839,20,8
2439,62.442263,-114.427839,58,8
2440,63.843124,-149.04454,582,12
2441,60.7161,-135.055,143,31
2442,60.7161,-135.055,125,31
2443,60.7161,-135.055,97,31
2444,60.7161,-135.055,137,31
2445,64.753339,-147.313613,3133,4
2446,62.442703,-114.3992,1698,8
2447,64.530775,-165.374085,68,116
2448,64.530775,-165.374085,83,116
2449,64.530775,-165.374085,72,116
2450,64.530775,-165.374085,85,116
2451,64.530775,-165.374085,74,116
2452,64.530775,-165.374085,251,116
2453,62.096591,-146.168003,4021,115
2454,53.641025,-112.857227,114,124
2455,53.641025,-112.857227,130,124
2456,61.774218,-149.274072,153,0
2457,64.753632,-147.3143,1812,4
2458,58.417361,-134.547747,48,123
2459,58.417358,-134.547876,234,123
2460,58.417417,-134.547811,58,123
2461,58.417364,-134.547854,53,123
2462,58.41731,-134.547908,63,123
2463,58.417375,-134.547843,58,123
2464,58.32301,-134.621862,123,123
2465,50.028961,-97.594653,603,125
2466,51.491805,-78.747237,343,38
2467,62.323089,-150.119655,573,18
2468,60.520425,-145.600261,208,-1
2469,62.096488,-146.168345,2187,115
2470,62.096572,-146.168239,2576,115
2471,62.454647,-114.376472,163,8
2472,62.454647,-114.376472,155,8
2473,62.454647,-114.376472,193,8
2474,62.454647,-114.376472,156,8
2475,62.454647,-114.376472,185,8
2476,62.454647,-114.376472,170,8
2477,62.454647,-114.376472,165,8
2478,46.57135,-87.393244,386,118
2479,46.585746,-87.385691,241,118
2480,46.585646,-87.385592,272,118
2481,49.92366,-97.849549,166,125
2482,49.923101,-97.849559,276,125
2483,49.923643,-97.849549,385,125
2484,49.923677,-97.849549,738,125
2485,64.911116,-147.826814,1805,4
2486,64.899688,-147.723434,918,4
2487,60.711831,-135.079307,519,31
2488,60.7133,-135.04755,852,31
2489,51.037869,-114.083286,426,58
2490,61.112366,-149.710803,1628,30
2491,61.112366,-149.710803,7598,30
2492,61.112366,-149.710803,2156,30
2493,61.112366,-149.710803,3175,30
2494,61.112286,-149.71035,1152,30
2495,61.112286,-149.71035,4124,30
2496,50.423721,-96.617031,82,1
2497,61.208068,-149.768417,157,30
2498,40.412981,-75.200858,1140,-1
2499,67.828172,-115.093289,489,19
2500,62.442344,-114.427914,93,8
2501,62.442344,-114.427914,63,8
2502,62.442344,-114.427914,71,8
2503,62.442344,-114.427914,67,8
2504,62.442344,-114.427914,93,8
2505,62.442344,-114.427914,91,8
2506,62.442344,-114.427914,90,8
2507,62.442344,-114.427914,45,8
2508,62.442344,-114.427914,50,8
2509,62.442344,-114.427914,27,8
2510,62.442344,-114.427914,45,8
2511,32.716713,-117.175133,869,-1
2512,64.876118,-147.644233,739,4
2513,64.753806,-147.313613,1965,4
2514,40.03799,-82.962212,336,63
2515,58.73783,-93.81799,168,28
2516,51.210479,-115.533492,337,52
2517,51.210499,-115.533535,1212,52
2518,43.23648,-77.534487,858,44
2519,43.236398,-77.534497,1324,44
2520,40.605286,-88.912611,258,-1
2521,40.605326,-88.912165,267,-1
2522,41.663053,-87.063549,34913,-1
2523,46.591251,-87.385597,486,118
2524,42.433767,-90.441491,187,-1
2525,43.576287,-80.535392,1320,-1
2526,43.576473,-80.535392,29693,-1
2527,40.752775,-88.030453,177,-1
2528,42.467665,-88.036386,574,113
2529,44.052349,-85.351667,79,-1
2530,42.449626,-88.008674,759,113
2531,42.449443,-88.008019,635,113
2532,62.453628,-114.387416,372,8
2533,62.471411,-114.347828,197,8
2534,62.442286,-114.427575,335,8
2535,50.775604,-113.730983,404,-1
2536,48.317936,-70.860067,690,36
2537,48.317936,-70.860067,283,36
2538,48.317936,-70.860067,542,36
2539,48.317936,-70.860067,377,36
2540,48.317936,-70.860067,591,36
2541,48.317936,-70.860067,749,36
2542,48.317936,-70.860067,441,36
2543,48.317936,-70.860067,535,36
2544,48.317936,-70.860067,498,36
2545,48.317936,-70.860067,641,36
2546,48.317936,-70.860067,547,36
2547,48.317936,-70.860067,466,36
2548,48.317936,-70.860067,459,36
2549,48.317936,-70.860067,375,36
2550,48.317936,-70.860067,520,36
2551,48.317936,-70.860067,492,36
2552,48.317936,-70.860067,465,36
2553,48.317936,-70.860067,333,36
2554,48.317936,-70.860067,244,36
2555,48.317936,-70.860067,445,36
2556,62.499707,-114.36421,4844,8
2557,53.48447,-113.634252,1943,26
2558,48.317936,-70.860067,332,36
2559,48.317936,-70.860067,294,36
2560,48.317936,-70.860067,742,36
2561,48.317936,-70.860067,468,36
2562,48.317936,-70.860067,426,36
2563,48.317936,-70.860067,363,36
2564,48.317936,-70.860067,474,36
2565,48.317936,-70.860067,437,36
2566,48.317936,-70.860067,346,36
2567,48.317936,-70.860067,268,36
2568,48.317936,-70.860067,268,36
2569,48.317936,-70.860067,209,36
2570,48.317936,-70.860067,245,36
2571,48.317936,-70.860067,356,36
2572,48.317936,-70.860067,344,36
2573,48.317936,-70.860067,282,36
2574,48.317936,-70.860067,418,36
2575,62.442266,-114.427823,81,8
2576,62.442266,-114.427823,90,8
2577,48.317936,-70.860067,236,36
2578,48.317936,-70.860067,281,36
2579,48.317936,-70.860067,347,36
2580,48.317936,-70.860067,347,36
2581,48.317936,-70.860067,287,36
2582,62.442266,-114.427823,76,8
2583,62.442266,-114.427823,77,8
2584,62.442266,-114.427823,78,8
2585,62.442266,-114.427823,106,8
2586,62.442266,-114.427823,90,8
2587,62.442266,-114.427823,106,8
2588,62.442266,-114.427823,84,8
2589,62.442266,-114.427823,90,8
2590,62.442266,-114.427823,135,8
2591,62.442266,-114.427823,100,8
2592,62.471763,-114.347419,239,8
2593,62.472675,-114.346389,89,8
2594,62.472755,-114.347248,97,8
2595,60.839014,-115.766372,2765,-1
2596,62.448547,-114.50947,80,8
2597,62.448547,-114.50947,82,8
2598,62.448547,-114.50947,60,8
2599,62.448547,-114.50947,68,8
2600,62.448547,-114.50947,79,8
2601,62.448547,-114.50947,80,8
2602,62.448547,-114.50947,73,8
2603,58.713128,-111.141386,256,-1
2604,51.150386,-114.17284,186,58
2605,53.541553,-113.490689,589,26
2606,48.317936,-70.860067,541,36
2607,48.317936,-70.860067,252,36
2608,48.317936,-70.860067,352,36
2609,48.317936,-70.860067,185,36
2610,48.317936,-70.860067,317,36
2611,48.317936,-70.860067,355,36
2612,48.317936,-70.860067,273,36
2613,48.317936,-70.860067,380,36
2614,52.347341,-114.168034,239,126
2615,52.347341,-114.168034,230,126
2616,52.347341,-114.168034,234,126
2617,52.347341,-114.168034,230,126
2618,52.347341,-114.168034,226,126
2619,53.344012,-113.433129,851,26
2620,53.343992,-113.432958,814,26
2621,53.570383,-113.48348,1204,26
2622,51.491805,-78.747237,308,38
2623,51.491805,-78.747237,265,38
2624,51.491805,-78.747237,274,38
2625,51.491805,-78.747237,307,38
2626,51.491805,-78.747237,344,38
2627,51.491805,-78.747237,276,38
2628,51.491805,-78.747237,310,38
2629,51.491805,-78.747237,294,38
2630,51.491805,-78.747237,370,38
2631,51.491805,-78.747237,267,38
2632,51.491805,-78.747237,309,38
2633,51.491805,-78.747237,366,38
2634,51.491805,-78.747237,609,38
2635,51.491805,-78.747237,486,38
2636,63.979381,-149.118548,439,12
2637,64.861571,-147.829377,80,4
2638,64.86151,-147.829345,68,4
2639,60.854484,-115.806026,3104,-1
2640,63.979381,-149.118548,1626,12
2641,64.864796,-147.906467,1841,4
2642,64.864796,-147.906467,1380,4
2643,64.864796,-147.906467,3289,4
2644,55.49324,-98.01806,186,56
2645,55.49324,-98.01806,156,56
2646,55.49338,-98.01841,128,56
2647,55.49338,-98.01841,124,56
2648,49.89312,-97.15359,1203,1
2649,51.488588,-78.740889,366,38
2650,51.488588,-78.740889,228,38
2651,51.488588,-78.740889,249,38
2652,51.488588,-78.740889,211,38
2653,51.488588,-78.740889,253,38
2654,51.488588,-78.740889,310,38
2655,51.488588,-78.740889,393,38
2656,51.488588,-78.740889,269,38
2657,51.488588,-78.740889,228,38
2658,51.488588,-78.740889,272,38
2659,51.488588,-78.740889,258,38
2660,51.488588,-78.740889,185,38
2661,51.488588,-78.740889,219,38
2662,51.488588,-78.740889,238,38
2663,62.442224,-114.427692,25,8
2664,62.442224,-114.427692,31,8
2665,62.442224,-114.427692,42,8
2666,62.442224,-114.427692,29,8
2667,62.442224,-114.427692,25,8
2668,62.442224,-114.427692,41,8
2669,62.442224,-114.427692,37,8
2670,62.442224,-114.427692,34,8
2671,62.442224,-114.427692,40,8
2672,62.442224,-114.427692,29,8
2673,62.442224,-114.427692,28,8
2674,62.442224,-114.427692,25,8
2675,62.442224,-114.427692,30,8
2676,62.442224,-114.427692,39,8
2677,62.442224,-114.427692,31,8
2678,44.526947,-69.272961,713,127
2679,44.527169,-69.272811,685,127
2680,44.527628,-69.272489,1074,127
2681,44.527009,-69.272854,1521,127
2682,46.691826,-84.343693,114,-1
2683,54.118838,-110.751736,97,128
2684,54.118841,-110.74974,98,128
2685,54.119998,-110.753173,76,128
2686,53.479516,-114.248199,64,-1
2687,46.255891,-91.301853,270,-1
2688,51.484376,-78.739013,274,38
2689,51.484376,-78.739013,272,38
2690,51.484376,-78.739013,176,38
2691,51.484376,-78.739013,189,38
2692,51.484376,-78.739013,164,38
2693,51.484376,-78.739013,197,38
2694,51.484376,-78.739013,195,38
2695,51.484376,-78.739013,212,38
2696,51.484376,-78.739013,194,38
2697,51.484376,-78.739013,176,38
2698,51.484376,-78.739013,158,38
2699,51.484376,-78.739013,147,38
2700,51.484376,-78.739013,221,38
2701,51.484376,-78.739013,191,38
2702,51.484376,-78.739013,178,38
2703,40.730167,-73.950333,30,129
2704,40.730333,-73.950333,26,129
2705,40.730167,-73.951167,32,129
2706,40.730333,-73.950167,34,129
2707,40.730333,-73.950333,24,129
2708,40.730333,-73.950333,32,129
2709,40.730333,-73.9505,27,129
2710,40.730333,-73.9505,30,129
2711,40.730333,-73.9515,40,129
2712,58.557418,-117.097434,650,130
2713,60.695483,-135.027358,240,31
2714,51.484429,-78.739271,266,38
2715,40.7305,-73.950667,35,129
2716,40.7305,-73.950167,34,129
2717,40.730333,-73.950667,37,129
2718,39.613003,-105.166915,760,-1
2719,51.484696,-78.737125,265,38
2720,51.484696,-78.737125,253,38
2721,51.484696,-78.737125,294,38
2722,51.484696,-78.737125,387,38
2723,51.484696,-78.737125,252,38
2724,51.484696,-78.737125,273,38
2725,51.484696,-78.737125,235,38
2726,51.484696,-78.737125,233,38
2727,51.484696,-78.737125,230,38
2728,51.484696,-78.737125,319,38
2729,51.484696,-78.737125,251,38
2730,51.484696,-78.737125,275,38
2731,51.484696,-78.737125,260,38
2732,51.484696,-78.737125,265,38
2733,51.484696,-78.737125,226,38
2734,51.484696,-78.737125,222,38
2735,69.441675,-133.02761,182,114
2736,69.441223,-133.027954,282,114
2737,69.441193,-133.027782,242,114
2738,69.441223,-133.02864,182,114
2739,69.441193,-133.027954,283,114
2740,69.441268,-133.027782,224,114
2741,51.484696,-78.737125,334,38
2742,58.417268,-134.547854,132,123
2743,58.417254,-134.547843,78,123
2744,58.417265,-134.547833,106,123
2745,58.417307,-134.547908,116,123
2746,58.381446,-134.633079,689,123
2747,58.417229,-134.547806,172,123
2748,58.41722,-134.54786,303,123
2749,58.41724,-134.547806,488,123
2750,58.417246,-134.547827,234,123
2751,58.417254,-134.547827,246,123
2752,58.417257,-134.54787,88,123
2753,64.910913,-147.827251,456,4
2754,64.910959,-147.827326,505,4
2755,64.910893,-147.827165,2151,4
2756,64.895926,-147.612111,1333,4
2757,51.044803,-114.061077,862,58
2758,50.109972,-122.960395,405,-1
2759,64.696539,-147.105023,238,4
2760,62.559779,-114.349765,4750,8
2761,62.557248,-114.349937,1229,8
2762,62.548831,-114.36347,3055,8
2763,62.548831,-114.36347,718,8
2764,62.51104,-114.357826,1323,8
2765,62.51104,-114.357826,4260,8
2766,62.548831,-114.36347,3230,8
2767,62.548831,-114.36347,2361,8
2768,62.55163,-113.896808,33,8
2769,64.893987,-147.496089,586,4
2770,62.532905,-114.20175,839,8
2771,62.532399,-114.201901,2283,8
2772,62.532402,-114.201848,929,8
2773,42.868612,-73.822025,461,131
2774,42.868612,-73.821982,254,131
2775,42.868635,-73.822014,244,131
2776,51.48948,-78.743541,1140,38
2777,51.48948,-78.743541,952,38
2778,58.554458,-117.097992,554,130
2779,42.86895,-73.823062,161,131
2780,56.3644,-133.373666,68,132
2781,56.378437,-133.577031,69,132
2782,56.331837,-133.697694,74,132
2783,56.299246,-133.724716,69,132
2784,64.998664,-150.639638,877,-1
2785,58.473977,-135.032553,83,65
2786,58.51488,-135.063565,62,65
2787,58.544632,-135.085294,58,65
2788,58.417215,-134.547795,215,123
2789,55.297999,-131.529501,53,133
2790,55.297999,-131.529501,47,133
2791,55.297999,-131.529501,23,133
2792,58.54989,-117.098046,6958,130
2793,58.54989,-117.098046,258,130
2794,58.54989,-117.098046,3558,130
2795,58.54989,-117.098046,433,130
2796,63.761092,-68.477096,528,21
2797,48.249136,-101.333325,245,-1
2798,53.518808,-113.518159,511,26
2799,60.001518,-106.225776,5297,-1
2800,53.323502,-77.444539,2094,134
2801,53.326186,-77.435331,2644,134
2802,53.326213,-77.435248,3758,134
2803,53.326227,-77.435162,2485,134
2804,46.771695,-91.457115,16866,-1
2805,48.434432,-89.30027,14403,75
2806,44.669515,-79.35267,2965,60
2807,44.669515,-79.35267,919,60
2808,44.669515,-79.35267,16405,60
2809,44.669515,-79.35267,419,60
2810,53.678452,-112.830705,202,124
2811,48.346926,-89.280304,20475,75
2812,53.678452,-112.830705,188,124
2813,47.277554,-84.549987,81,-1
2814,53.678452,-112.830705,201,124
2815,44.669515,-79.35267,20832,60
2816,53.678452,-112.830705,167,124
2817,53.678452,-112.830705,245,124
2818,53.678452,-112.830705,261,124
2819,53.678452,-112.830705,265,124
2820,53.678452,-112.830705,221,124
2821,45.417785,-92.652887,206,87
2822,45.417672,-92.653058,286,87
2823,61.195238,-149.905411,46,30
2824,51.478525,-78.679828,276,38
2825,64.861273,-147.831194,288,4
2826,51.488588,-78.740889,133,38
2827,51.488588,-78.740889,236,38
2828,51.488588,-78.740889,365,38
2829,51.488588,-78.740889,186,38
2830,51.488588,-78.740889,141,38
2831,51.488588,-78.740889,228,38
2832,51.478525,-78.679828,186,38
2833,51.478525,-78.679828,260,38
2834,43.626469,-110.664263,589,-1
2835,64.86177,-147.829011,260,4
2836,64.861535,-147.826795,102,4
2837,64.861886,-147.828469,188,4
2838,64.86202,-147.827852,112,4
2839,64.861557,-147.82995,135,4
2840,64.861473,-147.826833,1266,4
2841,64.860904,-147.823544,144,4
2842,64.861886,-147.828469,126,4
2843,64.862089,-147.828072,89,4
2844,40.867991,-86.878856,2933,-1
2845,40.867991,-86.878856,7019,-1
2846,42.86895,-73.82306,576,131
2847,42.86895,-73.82306,795,131
2848,42.86895,-73.82306,655,131
2849,42.86895,-73.82306,723,131
2850,42.86895,-73.82306,665,131
2851,42.86895,-73.82306,1099,131
2852,42.86895,-73.82306,674,131
2853,42.86895,-73.82306,654,131
2854,42.86895,-73.82306,423,131
2855,42.86895,-73.82306,1596,131
2856,42.86895,-73.82306,412,131
2857,42.86895,-73.82306,967,131
2858,42.86895,-73.82306,599,131
2859,64.86192,-147.828844,93,4
2860,64.87779,-148.049139,201,4
2861,64.87779,-148.049139,89,4
2862,64.87779,-148.049139,86,4
2863,64.87779,-148.049139,146,4
